RequestTime,ResponseTime,StatusCode,URL
1704726787516862449,1704726789210957785,200,http://172.169.8.253:31112/function/wideresnet-9b-submod-0-param-8.cdgp
1704726788006223924,1704726790481078452,200,http://172.169.8.253:31112/function/wideresnet-9b-submod-0-param-8.cdgp
1704726789746681219,1704726791749591532,200,http://172.169.8.253:31112/function/wideresnet-9b-submod-0-param-8.cdgp
1704726790182430154,1704726795020648113,200,http://172.169.8.253:31112/function/wideresnet-9b-submod-0-param-8.cdgp
1704726790611523167,1704726794279300397,200,http://172.169.8.253:31112/function/wideresnet-9b-submod-0-param-8.cdgp
1704726791671406307,1704726795019212804,200,http://172.169.8.253:31112/function/wideresnet-9b-submod-0-param-8.cdgp
1704726793313411898,1704726795240285141,200,http://172.169.8.253:31112/function/wideresnet-9b-submod-0-param-8.cdgp
1704726795391193889,1704726797607859264,200,http://172.169.8.253:31112/function/wideresnet-9b-submod-0-param-8.cdgp
1704726797136047893,1704726799516583769,200,http://172.169.8.253:31112/function/wideresnet-9b-submod-0-param-8.cdgp
1704726797370585743,1704726800001907754,200,http://172.169.8.253:31112/function/wideresnet-9b-submod-0-param-8.cdgp
1704726798245888285,1704726801175351202,200,http://172.169.8.253:31112/function/wideresnet-9b-submod-0-param-8.cdgp
1704726798815990631,1704726802283828242,200,http://172.169.8.253:31112/function/wideresnet-9b-submod-0-param-8.cdgp
1704726799500408210,1704726802286673760,200,http://172.169.8.253:31112/function/wideresnet-9b-submod-0-param-8.cdgp
1704726799663486449,1704726804157889519,200,http://172.169.8.253:31112/function/wideresnet-9b-submod-0-param-8.cdgp
1704726800169790435,1704726803476562063,200,http://172.169.8.253:31112/function/wideresnet-9b-submod-0-param-8.cdgp
1704726800598712243,1704726808150226483,500,http://172.169.8.253:31112/function/wideresnet-9b-submod-0-param-8.cdgp
1704726800653559509,1704726808149919886,500,http://172.169.8.253:31112/function/wideresnet-9b-submod-0-param-8.cdgp
1704726800904789301,1704726807778555963,200,http://172.169.8.253:31112/function/wideresnet-9b-submod-0-param-8.cdgp
1704726801491691255,1704726808479078944,500,http://172.169.8.253:31112/function/wideresnet-9b-submod-0-param-8.cdgp
1704726801653888397,1704726808478662161,500,http://172.169.8.253:31112/function/wideresnet-9b-submod-0-param-8.cdgp
1704726802313046073,1704726808519458196,500,http://172.169.8.253:31112/function/wideresnet-9b-submod-0-param-8.cdgp
1704726804108059955,1704726809584062156,500,http://172.169.8.253:31112/function/wideresnet-9b-submod-0-param-8.cdgp
1704726805784588963,1704726809580479741,200,http://172.169.8.253:31112/function/wideresnet-9b-submod-0-param-8.cdgp
1704726806284366441,1704726812099912806,200,http://172.169.8.253:31112/function/wideresnet-9b-submod-0-param-8.cdgp
1704726806316409213,1704726809580760273,200,http://172.169.8.253:31112/function/wideresnet-9b-submod-0-param-8.cdgp
1704726807227850789,1704726809585058467,200,http://172.169.8.253:31112/function/wideresnet-9b-submod-0-param-8.cdgp
1704726807910692445,1704726812102330003,200,http://172.169.8.253:31112/function/wideresnet-9b-submod-0-param-8.cdgp
1704726808029270945,1704726813381231215,200,http://172.169.8.253:31112/function/wideresnet-9b-submod-0-param-8.cdgp
1704726808071419740,1704726813382878680,200,http://172.169.8.253:31112/function/wideresnet-9b-submod-0-param-8.cdgp
1704726808607857199,1704726813378736567,200,http://172.169.8.253:31112/function/wideresnet-9b-submod-0-param-8.cdgp
1704726808924650420,1704726813381831539,200,http://172.169.8.253:31112/function/wideresnet-9b-submod-0-param-8.cdgp
1704726809737860463,1704726815178033028,200,http://172.169.8.253:31112/function/wideresnet-9b-submod-0-param-8.cdgp
1704726810432214542,1704726817320954117,200,http://172.169.8.253:31112/function/wideresnet-9b-submod-0-param-8.cdgp
1704726810832687379,1704726817480147561,200,http://172.169.8.253:31112/function/wideresnet-9b-submod-0-param-8.cdgp
1704726811089953350,1704726817478750567,200,http://172.169.8.253:31112/function/wideresnet-9b-submod-0-param-8.cdgp
1704726812644910133,1704726818850822432,200,http://172.169.8.253:31112/function/wideresnet-9b-submod-0-param-8.cdgp
1704726812828862475,1704726818850546299,200,http://172.169.8.253:31112/function/wideresnet-9b-submod-0-param-8.cdgp
1704726812863509145,1704726819807420336,200,http://172.169.8.253:31112/function/wideresnet-9b-submod-0-param-8.cdgp
1704726812926907781,1704726821803370546,500,http://172.169.8.253:31112/function/wideresnet-9b-submod-0-param-8.cdgp
1704726813725767985,1704726819806463491,200,http://172.169.8.253:31112/function/wideresnet-9b-submod-0-param-8.cdgp
1704726814444921186,1704726823262305843,500,http://172.169.8.253:31112/function/wideresnet-9b-submod-0-param-8.cdgp
1704726814792402608,1704726820231899412,200,http://172.169.8.253:31112/function/wideresnet-9b-submod-0-param-8.cdgp
1704726815002940301,1704726822157373636,500,http://172.169.8.253:31112/function/wideresnet-9b-submod-0-param-8.cdgp
1704726815833486041,1704726823366294538,200,http://172.169.8.253:31112/function/wideresnet-9b-submod-0-param-8.cdgp
1704726815928918998,1704726823370544926,200,http://172.169.8.253:31112/function/wideresnet-9b-submod-0-param-8.cdgp
1704726818754957602,1704726823850540633,500,http://172.169.8.253:31112/function/wideresnet-9b-submod-0-param-8.cdgp
1704726820224839788,1704726823743180055,200,http://172.169.8.253:31112/function/wideresnet-9b-submod-0-param-8.cdgp
1704726820251037682,1704726824278468272,200,http://172.169.8.253:31112/function/wideresnet-9b-submod-0-param-8.cdgp
1704726823711122394,1704726826275854765,200,http://172.169.8.253:31112/function/wideresnet-9b-submod-0-param-8.cdgp
1704726824033655410,1704726826277055223,200,http://172.169.8.253:31112/function/wideresnet-9b-submod-0-param-8.cdgp
1704726824712387123,1704726829082585477,200,http://172.169.8.253:31112/function/wideresnet-9b-submod-0-param-8.cdgp
1704726825006348787,1704726829077978857,200,http://172.169.8.253:31112/function/wideresnet-9b-submod-0-param-8.cdgp
1704726825753492942,1704726829344759428,200,http://172.169.8.253:31112/function/wideresnet-9b-submod-0-param-8.cdgp
1704726826161820914,1704726829297746616,200,http://172.169.8.253:31112/function/wideresnet-9b-submod-0-param-8.cdgp
1704726827706572662,1704726829977146970,200,http://172.169.8.253:31112/function/wideresnet-9b-submod-0-param-8.cdgp
1704726828623596440,1704726831181867779,200,http://172.169.8.253:31112/function/wideresnet-9b-submod-0-param-8.cdgp
1704726829487393645,1704726833100621929,200,http://172.169.8.253:31112/function/wideresnet-9b-submod-0-param-8.cdgp
1704726829608727030,1704726833066843859,200,http://172.169.8.253:31112/function/wideresnet-9b-submod-0-param-8.cdgp
1704726829738409193,1704726835376866767,200,http://172.169.8.253:31112/function/wideresnet-9b-submod-0-param-8.cdgp
1704726829819025754,1704726834781230982,200,http://172.169.8.253:31112/function/wideresnet-9b-submod-0-param-8.cdgp
1704726830226921632,1704726835380939083,200,http://172.169.8.253:31112/function/wideresnet-9b-submod-0-param-8.cdgp
1704726830564873646,1704726836001030595,200,http://172.169.8.253:31112/function/wideresnet-9b-submod-0-param-8.cdgp
1704726833853878965,1704726836050170039,200,http://172.169.8.253:31112/function/wideresnet-9b-submod-0-param-8.cdgp
1704726834243957404,1704726836710246935,200,http://172.169.8.253:31112/function/wideresnet-9b-submod-0-param-8.cdgp
1704726834943482424,1704726836757336150,200,http://172.169.8.253:31112/function/wideresnet-9b-submod-0-param-8.cdgp
1704726836319636141,1704726838291700754,200,http://172.169.8.253:31112/function/wideresnet-9b-submod-0-param-8.cdgp
1704726836950452650,1704726839111444479,200,http://172.169.8.253:31112/function/wideresnet-9b-submod-0-param-8.cdgp
1704726837848205639,1704726840605531168,200,http://172.169.8.253:31112/function/wideresnet-9b-submod-0-param-8.cdgp
1704726838394489282,1704726840607033466,200,http://172.169.8.253:31112/function/wideresnet-9b-submod-0-param-8.cdgp
1704726839581305978,1704726841316611243,200,http://172.169.8.253:31112/function/wideresnet-9b-submod-0-param-8.cdgp
1704726841429984418,1704726843366631587,200,http://172.169.8.253:31112/function/wideresnet-9b-submod-0-param-8.cdgp
1704726841956018022,1704726843511721227,200,http://172.169.8.253:31112/function/wideresnet-9b-submod-0-param-8.cdgp
1704726842715151940,1704726844581163637,200,http://172.169.8.253:31112/function/wideresnet-9b-submod-0-param-8.cdgp
1704726844184344017,1704726845811153549,200,http://172.169.8.253:31112/function/wideresnet-9b-submod-0-param-8.cdgp
1704726845958945083,1704726847686956981,200,http://172.169.8.253:31112/function/wideresnet-9b-submod-0-param-8.cdgp
1704726846711883340,1704726849381940887,200,http://172.169.8.253:31112/function/wideresnet-9b-submod-0-param-8.cdgp
1704726847630050222,1704726850719036713,200,http://172.169.8.253:31112/function/wideresnet-9b-submod-0-param-8.cdgp
1704726848273931697,1704726854365415714,200,http://172.169.8.253:31112/function/wideresnet-9b-submod-0-param-8.cdgp
1704726848452737463,1704726854359437623,200,http://172.169.8.253:31112/function/wideresnet-9b-submod-0-param-8.cdgp
1704726848522668793,1704726854266888444,500,http://172.169.8.253:31112/function/wideresnet-9b-submod-0-param-8.cdgp
1704726848875007243,1704726854862321189,500,http://172.169.8.253:31112/function/wideresnet-9b-submod-0-param-8.cdgp
1704726848904233581,1704726855810236751,500,http://172.169.8.253:31112/function/wideresnet-9b-submod-0-param-8.cdgp
1704726849547005701,1704726855296661224,500,http://172.169.8.253:31112/function/wideresnet-9b-submod-0-param-8.cdgp
1704726849789079816,1704726855811991875,500,http://172.169.8.253:31112/function/wideresnet-9b-submod-0-param-8.cdgp
1704726851668755830,1704726856519457907,200,http://172.169.8.253:31112/function/wideresnet-9b-submod-0-param-8.cdgp
1704726852058274567,1704726856519800535,200,http://172.169.8.253:31112/function/wideresnet-9b-submod-0-param-8.cdgp
1704726853276168640,1704726857186491746,200,http://172.169.8.253:31112/function/wideresnet-9b-submod-0-param-8.cdgp
1704726854899767341,1704726856801619462,200,http://172.169.8.253:31112/function/wideresnet-9b-submod-0-param-8.cdgp
1704726856023200417,1704726859305595609,200,http://172.169.8.253:31112/function/wideresnet-9b-submod-0-param-8.cdgp
1704726856809454389,1704726858823462929,200,http://172.169.8.253:31112/function/wideresnet-9b-submod-0-param-8.cdgp
1704726857332791222,1704726859477178420,200,http://172.169.8.253:31112/function/wideresnet-9b-submod-0-param-8.cdgp
1704726857946293820,1704726862098608963,200,http://172.169.8.253:31112/function/wideresnet-9b-submod-0-param-8.cdgp
1704726858061667458,1704726861291460937,200,http://172.169.8.253:31112/function/wideresnet-9b-submod-0-param-8.cdgp
1704726859551081033,1704726865878888301,500,http://172.169.8.253:31112/function/wideresnet-9b-submod-0-param-8.cdgp
1704726859593156624,1704726864254761802,200,http://172.169.8.253:31112/function/wideresnet-9b-submod-0-param-8.cdgp
1704726860176118187,1704726865878220135,500,http://172.169.8.253:31112/function/wideresnet-9b-submod-0-param-8.cdgp
1704726860295387976,1704726866080839887,500,http://172.169.8.253:31112/function/wideresnet-9b-submod-0-param-8.cdgp
1704726860751437984,1704726866867031558,500,http://172.169.8.253:31112/function/wideresnet-9b-submod-0-param-8.cdgp
1704726861116325123,1704726867107987214,500,http://172.169.8.253:31112/function/wideresnet-9b-submod-0-param-8.cdgp
1704726861460754475,1704726868016650507,500,http://172.169.8.253:31112/function/wideresnet-9b-submod-0-param-8.cdgp
1704726861892353842,1704726867576297367,500,http://172.169.8.253:31112/function/wideresnet-9b-submod-0-param-8.cdgp
1704726862875522100,1704726868017239409,500,http://172.169.8.253:31112/function/wideresnet-9b-submod-0-param-8.cdgp
1704726863487536997,1704726868377175687,500,http://172.169.8.253:31112/function/wideresnet-9b-submod-0-param-8.cdgp
1704726864203479142,1704726869364100908,500,http://172.169.8.253:31112/function/wideresnet-9b-submod-0-param-8.cdgp
1704726864850290764,1704726869754208775,500,http://172.169.8.253:31112/function/wideresnet-9b-submod-0-param-8.cdgp
1704726865442521936,1704726870237958017,200,http://172.169.8.253:31112/function/wideresnet-9b-submod-0-param-8.cdgp
1704726865826194787,1704726870611087215,200,http://172.169.8.253:31112/function/wideresnet-9b-submod-0-param-8.cdgp
1704726867617774737,1704726871134370189,200,http://172.169.8.253:31112/function/wideresnet-9b-submod-0-param-8.cdgp
1704726867732005007,1704726871671321984,200,http://172.169.8.253:31112/function/wideresnet-9b-submod-0-param-8.cdgp
1704726869376301787,1704726871735276430,200,http://172.169.8.253:31112/function/wideresnet-9b-submod-0-param-8.cdgp
1704726870784715886,1704726873059072456,200,http://172.169.8.253:31112/function/wideresnet-9b-submod-0-param-8.cdgp
1704726871002965564,1704726873323990508,200,http://172.169.8.253:31112/function/wideresnet-9b-submod-0-param-8.cdgp
1704726872307473068,1704726874494138520,200,http://172.169.8.253:31112/function/wideresnet-9b-submod-0-param-8.cdgp
1704726873615616034,1704726875681621873,200,http://172.169.8.253:31112/function/wideresnet-9b-submod-0-param-8.cdgp
1704726874062321088,1704726875919849149,200,http://172.169.8.253:31112/function/wideresnet-9b-submod-0-param-8.cdgp
1704726878618164454,1704726880158693768,200,http://172.169.8.253:31112/function/wideresnet-9b-submod-0-param-8.cdgp
1704726881280418879,1704726882845624476,200,http://172.169.8.253:31112/function/wideresnet-9b-submod-0-param-8.cdgp
1704726884100277330,1704726885616835037,200,http://172.169.8.253:31112/function/wideresnet-9b-submod-0-param-8.cdgp
1704726886683756719,1704726889084220521,200,http://172.169.8.253:31112/function/wideresnet-9b-submod-0-param-8.cdgp
1704726887616515626,1704726890162839817,200,http://172.169.8.253:31112/function/wideresnet-9b-submod-0-param-8.cdgp
1704726887642238515,1704726889693514290,200,http://172.169.8.253:31112/function/wideresnet-9b-submod-0-param-8.cdgp
1704726888088958751,1704726891182198984,200,http://172.169.8.253:31112/function/wideresnet-9b-submod-0-param-8.cdgp
1704726888205035927,1704726890659590021,200,http://172.169.8.253:31112/function/wideresnet-9b-submod-0-param-8.cdgp
1704726889273218754,1704726891417917659,200,http://172.169.8.253:31112/function/wideresnet-9b-submod-0-param-8.cdgp
1704726891808563309,1704726893618988648,200,http://172.169.8.253:31112/function/wideresnet-9b-submod-0-param-8.cdgp
1704726892326097440,1704726894603829519,200,http://172.169.8.253:31112/function/wideresnet-9b-submod-0-param-8.cdgp
1704726892475044831,1704726894908707061,200,http://172.169.8.253:31112/function/wideresnet-9b-submod-0-param-8.cdgp
1704726893450622952,1704726897373454047,200,http://172.169.8.253:31112/function/wideresnet-9b-submod-0-param-8.cdgp
1704726893587326480,1704726895222297968,200,http://172.169.8.253:31112/function/wideresnet-9b-submod-0-param-8.cdgp
1704726894230236020,1704726896601668667,200,http://172.169.8.253:31112/function/wideresnet-9b-submod-0-param-8.cdgp
1704726896312790013,1704726898793864076,200,http://172.169.8.253:31112/function/wideresnet-9b-submod-0-param-8.cdgp
1704726896373215008,1704726899541764392,200,http://172.169.8.253:31112/function/wideresnet-9b-submod-0-param-8.cdgp
1704726897075093707,1704726898722628120,200,http://172.169.8.253:31112/function/wideresnet-9b-submod-0-param-8.cdgp
1704726898419630425,1704726900339711492,200,http://172.169.8.253:31112/function/wideresnet-9b-submod-0-param-8.cdgp
1704726900688526457,1704726902780814784,200,http://172.169.8.253:31112/function/wideresnet-9b-submod-0-param-8.cdgp
1704726901533682453,1704726903310779380,200,http://172.169.8.253:31112/function/wideresnet-9b-submod-0-param-8.cdgp
1704726901572278256,1704726904097758533,200,http://172.169.8.253:31112/function/wideresnet-9b-submod-0-param-8.cdgp
1704726902304919043,1704726904426647102,200,http://172.169.8.253:31112/function/wideresnet-9b-submod-0-param-8.cdgp
1704726903130244378,1704726904625324837,200,http://172.169.8.253:31112/function/wideresnet-9b-submod-0-param-8.cdgp
1704726903351913570,1704726905185616928,200,http://172.169.8.253:31112/function/wideresnet-9b-submod-0-param-8.cdgp
1704726904497800217,1704726906419699281,200,http://172.169.8.253:31112/function/wideresnet-9b-submod-0-param-8.cdgp
1704726904929748838,1704726906627735772,200,http://172.169.8.253:31112/function/wideresnet-9b-submod-0-param-8.cdgp
1704726906406323510,1704726908126372617,200,http://172.169.8.253:31112/function/wideresnet-9b-submod-0-param-8.cdgp
1704726907172567215,1704726909380742817,200,http://172.169.8.253:31112/function/wideresnet-9b-submod-0-param-8.cdgp
1704726908157635364,1704726910103406327,200,http://172.169.8.253:31112/function/wideresnet-9b-submod-0-param-8.cdgp
1704726908578232047,1704726910430155072,200,http://172.169.8.253:31112/function/wideresnet-9b-submod-0-param-8.cdgp
1704726908731701948,1704726911377752949,200,http://172.169.8.253:31112/function/wideresnet-9b-submod-0-param-8.cdgp
1704726909067440440,1704726911376989738,200,http://172.169.8.253:31112/function/wideresnet-9b-submod-0-param-8.cdgp
1704726910446132248,1704726912680197154,200,http://172.169.8.253:31112/function/wideresnet-9b-submod-0-param-8.cdgp
1704726910960210780,1704726912676850517,200,http://172.169.8.253:31112/function/wideresnet-9b-submod-0-param-8.cdgp
1704726912165398380,1704726914492856407,200,http://172.169.8.253:31112/function/wideresnet-9b-submod-0-param-8.cdgp
1704726912670884226,1704726914703565473,200,http://172.169.8.253:31112/function/wideresnet-9b-submod-0-param-8.cdgp
1704726914056637407,1704726915976902555,200,http://172.169.8.253:31112/function/wideresnet-9b-submod-0-param-8.cdgp
1704726915027673130,1704726916612846373,200,http://172.169.8.253:31112/function/wideresnet-9b-submod-0-param-8.cdgp
1704726915496226035,1704726917217297868,200,http://172.169.8.253:31112/function/wideresnet-9b-submod-0-param-8.cdgp
1704726916476630200,1704726918482505176,200,http://172.169.8.253:31112/function/wideresnet-9b-submod-0-param-8.cdgp
1704726917023871460,1704726919965504249,200,http://172.169.8.253:31112/function/wideresnet-9b-submod-0-param-8.cdgp
1704726917452127939,1704726919965618041,200,http://172.169.8.253:31112/function/wideresnet-9b-submod-0-param-8.cdgp
1704726918021120633,1704726920392911088,200,http://172.169.8.253:31112/function/wideresnet-9b-submod-0-param-8.cdgp
1704726918586204721,1704726920509433512,200,http://172.169.8.253:31112/function/wideresnet-9b-submod-0-param-8.cdgp
1704726920742667675,1704726922681639205,200,http://172.169.8.253:31112/function/wideresnet-9b-submod-0-param-8.cdgp
1704726920901365338,1704726924478395933,200,http://172.169.8.253:31112/function/wideresnet-9b-submod-0-param-8.cdgp
1704726920956020296,1704726923981560864,200,http://172.169.8.253:31112/function/wideresnet-9b-submod-0-param-8.cdgp
1704726922130659924,1704726924209519264,200,http://172.169.8.253:31112/function/wideresnet-9b-submod-0-param-8.cdgp
1704726922742073267,1704726925209548308,200,http://172.169.8.253:31112/function/wideresnet-9b-submod-0-param-8.cdgp
1704726922847933118,1704726925886624494,200,http://172.169.8.253:31112/function/wideresnet-9b-submod-0-param-8.cdgp
1704726923398272111,1704726925879679982,200,http://172.169.8.253:31112/function/wideresnet-9b-submod-0-param-8.cdgp
1704726925490369305,1704726927112536228,200,http://172.169.8.253:31112/function/wideresnet-9b-submod-0-param-8.cdgp
1704726925942744876,1704726927461090992,200,http://172.169.8.253:31112/function/wideresnet-9b-submod-0-param-8.cdgp
1704726927503045595,1704726930102475667,200,http://172.169.8.253:31112/function/wideresnet-9b-submod-0-param-8.cdgp
1704726927620932081,1704726929816847591,200,http://172.169.8.253:31112/function/wideresnet-9b-submod-0-param-8.cdgp
1704726929143041324,1704726930820640748,200,http://172.169.8.253:31112/function/wideresnet-9b-submod-0-param-8.cdgp
1704726930348344969,1704726932477476162,200,http://172.169.8.253:31112/function/wideresnet-9b-submod-0-param-8.cdgp
1704726930453764698,1704726933781114815,200,http://172.169.8.253:31112/function/wideresnet-9b-submod-0-param-8.cdgp
1704726931085393368,1704726933777842519,200,http://172.169.8.253:31112/function/wideresnet-9b-submod-0-param-8.cdgp
1704726931543951254,1704726934082795415,200,http://172.169.8.253:31112/function/wideresnet-9b-submod-0-param-8.cdgp
1704726931691531077,1704726934787676082,200,http://172.169.8.253:31112/function/wideresnet-9b-submod-0-param-8.cdgp
1704726932575389211,1704726935329528253,200,http://172.169.8.253:31112/function/wideresnet-9b-submod-0-param-8.cdgp
1704726932584471113,1704726936291522491,200,http://172.169.8.253:31112/function/wideresnet-9b-submod-0-param-8.cdgp
1704726932778698504,1704726937480305449,200,http://172.169.8.253:31112/function/wideresnet-9b-submod-0-param-8.cdgp
1704726934364858910,1704726937479510193,200,http://172.169.8.253:31112/function/wideresnet-9b-submod-0-param-8.cdgp
1704726934543696078,1704726937479452899,200,http://172.169.8.253:31112/function/wideresnet-9b-submod-0-param-8.cdgp
1704726935875112578,1704726938577821341,200,http://172.169.8.253:31112/function/wideresnet-9b-submod-0-param-8.cdgp
1704726935908796329,1704726940883122041,200,http://172.169.8.253:31112/function/wideresnet-9b-submod-0-param-8.cdgp
1704726936044459006,1704726940882407248,200,http://172.169.8.253:31112/function/wideresnet-9b-submod-0-param-8.cdgp
1704726936214417696,1704726940887668994,200,http://172.169.8.253:31112/function/wideresnet-9b-submod-0-param-8.cdgp
1704726936542773941,1704726940883356821,200,http://172.169.8.253:31112/function/wideresnet-9b-submod-0-param-8.cdgp
1704726937206390210,1704726943263816071,200,http://172.169.8.253:31112/function/wideresnet-9b-submod-0-param-8.cdgp
1704726937321225000,1704726942513353710,200,http://172.169.8.253:31112/function/wideresnet-9b-submod-0-param-8.cdgp
1704726937971331684,1704726941681866604,200,http://172.169.8.253:31112/function/wideresnet-9b-submod-0-param-8.cdgp
1704726938086947532,1704726943268827153,200,http://172.169.8.253:31112/function/wideresnet-9b-submod-0-param-8.cdgp
1704726939417702792,1704726941677901922,200,http://172.169.8.253:31112/function/wideresnet-9b-submod-0-param-8.cdgp
1704726939777101637,1704726944085775018,200,http://172.169.8.253:31112/function/wideresnet-9b-submod-0-param-8.cdgp
1704726940082085898,1704726943274282384,200,http://172.169.8.253:31112/function/wideresnet-9b-submod-0-param-8.cdgp
1704726940093987031,1704726943705408097,200,http://172.169.8.253:31112/function/wideresnet-9b-submod-0-param-8.cdgp
1704726940270801443,1704726944485782681,200,http://172.169.8.253:31112/function/wideresnet-9b-submod-0-param-8.cdgp
1704726940785032590,1704726944079122941,200,http://172.169.8.253:31112/function/wideresnet-9b-submod-0-param-8.cdgp
1704726942091353256,1704726944482579974,200,http://172.169.8.253:31112/function/wideresnet-9b-submod-0-param-8.cdgp
1704726943159736966,1704726945123017879,200,http://172.169.8.253:31112/function/wideresnet-9b-submod-0-param-8.cdgp
1704726943995986490,1704726946323078157,200,http://172.169.8.253:31112/function/wideresnet-9b-submod-0-param-8.cdgp
1704726944601919204,1704726946984281009,200,http://172.169.8.253:31112/function/wideresnet-9b-submod-0-param-8.cdgp
1704726944738719148,1704726947594031824,200,http://172.169.8.253:31112/function/wideresnet-9b-submod-0-param-8.cdgp
1704726944855058309,1704726947761838885,200,http://172.169.8.253:31112/function/wideresnet-9b-submod-0-param-8.cdgp
1704726945332632246,1704726948817287397,200,http://172.169.8.253:31112/function/wideresnet-9b-submod-0-param-8.cdgp
1704726945517074565,1704726948578401513,200,http://172.169.8.253:31112/function/wideresnet-9b-submod-0-param-8.cdgp
1704726945648893222,1704726949176320457,200,http://172.169.8.253:31112/function/wideresnet-9b-submod-0-param-8.cdgp
1704726948121756423,1704726949874314977,200,http://172.169.8.253:31112/function/wideresnet-9b-submod-0-param-8.cdgp
1704726948761246348,1704726950624200644,200,http://172.169.8.253:31112/function/wideresnet-9b-submod-0-param-8.cdgp
1704726949756651547,1704726953608275555,200,http://172.169.8.253:31112/function/wideresnet-9b-submod-0-param-8.cdgp
1704726949841435914,1704726953608537709,200,http://172.169.8.253:31112/function/wideresnet-9b-submod-0-param-8.cdgp
1704726950204298819,1704726953609234815,200,http://172.169.8.253:31112/function/wideresnet-9b-submod-0-param-8.cdgp
1704726950634276741,1704726956195338057,200,http://172.169.8.253:31112/function/wideresnet-9b-submod-0-param-8.cdgp
1704726950938736269,1704726953988710322,200,http://172.169.8.253:31112/function/wideresnet-9b-submod-0-param-8.cdgp
1704726951036020141,1704726955105323526,200,http://172.169.8.253:31112/function/wideresnet-9b-submod-0-param-8.cdgp
1704726951569752304,1704726956191144945,200,http://172.169.8.253:31112/function/wideresnet-9b-submod-0-param-8.cdgp
1704726952053355937,1704726956649212194,200,http://172.169.8.253:31112/function/wideresnet-9b-submod-0-param-8.cdgp
1704726952088987253,1704726956407884300,200,http://172.169.8.253:31112/function/wideresnet-9b-submod-0-param-8.cdgp
1704726952097455846,1704726955504764891,200,http://172.169.8.253:31112/function/wideresnet-9b-submod-0-param-8.cdgp
1704726953197248254,1704726955505414834,200,http://172.169.8.253:31112/function/wideresnet-9b-submod-0-param-8.cdgp
1704726957988993641,1704726960077308225,200,http://172.169.8.253:31112/function/wideresnet-9b-submod-0-param-8.cdgp
1704726959106824284,1704726962892056075,200,http://172.169.8.253:31112/function/wideresnet-9b-submod-0-param-8.cdgp
1704726959402519009,1704726962476915830,200,http://172.169.8.253:31112/function/wideresnet-9b-submod-0-param-8.cdgp
1704726959905763509,1704726963276535520,200,http://172.169.8.253:31112/function/wideresnet-9b-submod-0-param-8.cdgp
1704726960953876037,1704726962892034720,200,http://172.169.8.253:31112/function/wideresnet-9b-submod-0-param-8.cdgp
1704726962035687537,1704726964080010128,200,http://172.169.8.253:31112/function/wideresnet-9b-submod-0-param-8.cdgp
1704726962297296960,1704726964077402537,200,http://172.169.8.253:31112/function/wideresnet-9b-submod-0-param-8.cdgp
1704726962810655345,1704726964627459096,200,http://172.169.8.253:31112/function/wideresnet-9b-submod-0-param-8.cdgp
1704726962947891872,1704726967299681824,200,http://172.169.8.253:31112/function/wideresnet-9b-submod-0-param-8.cdgp
1704726962973259679,1704726967277543775,200,http://172.169.8.253:31112/function/wideresnet-9b-submod-0-param-8.cdgp
1704726963846768998,1704726967278641220,200,http://172.169.8.253:31112/function/wideresnet-9b-submod-0-param-8.cdgp
1704726964634823089,1704726967651152563,200,http://172.169.8.253:31112/function/wideresnet-9b-submod-0-param-8.cdgp
1704726965120544873,1704726967279562984,200,http://172.169.8.253:31112/function/wideresnet-9b-submod-0-param-8.cdgp
1704726965628131966,1704726970676839845,200,http://172.169.8.253:31112/function/wideresnet-9b-submod-0-param-8.cdgp
1704726965654633480,1704726969201263010,200,http://172.169.8.253:31112/function/wideresnet-9b-submod-0-param-8.cdgp
1704726965767175389,1704726969882941640,200,http://172.169.8.253:31112/function/wideresnet-9b-submod-0-param-8.cdgp
1704726966006392959,1704726969680759886,200,http://172.169.8.253:31112/function/wideresnet-9b-submod-0-param-8.cdgp
1704726966476306187,1704726969677036728,200,http://172.169.8.253:31112/function/wideresnet-9b-submod-0-param-8.cdgp
1704726967220220078,1704726969923334245,200,http://172.169.8.253:31112/function/wideresnet-9b-submod-0-param-8.cdgp
1704726969238172255,1704726971054595310,200,http://172.169.8.253:31112/function/wideresnet-9b-submod-0-param-8.cdgp
1704726970102433360,1704726971980970874,200,http://172.169.8.253:31112/function/wideresnet-9b-submod-0-param-8.cdgp
1704726971502813434,1704726973480450348,200,http://172.169.8.253:31112/function/wideresnet-9b-submod-0-param-8.cdgp
1704726972968042670,1704726974521180118,200,http://172.169.8.253:31112/function/wideresnet-9b-submod-0-param-8.cdgp
1704726973202321896,1704726976620895894,200,http://172.169.8.253:31112/function/wideresnet-9b-submod-0-param-8.cdgp
1704726974063461436,1704726976069782969,200,http://172.169.8.253:31112/function/wideresnet-9b-submod-0-param-8.cdgp
1704726974602468380,1704726977612902871,200,http://172.169.8.253:31112/function/wideresnet-9b-submod-0-param-8.cdgp
1704726976546914684,1704726981887406278,200,http://172.169.8.253:31112/function/wideresnet-9b-submod-0-param-8.cdgp
1704726978084638696,1704726980014641135,200,http://172.169.8.253:31112/function/wideresnet-9b-submod-0-param-8.cdgp
1704726979415398009,1704726983218593681,200,http://172.169.8.253:31112/function/wideresnet-9b-submod-0-param-8.cdgp
1704726980157901220,1704726984419277468,200,http://172.169.8.253:31112/function/wideresnet-9b-submod-0-param-8.cdgp
1704726981915253051,1704726983512391779,200,http://172.169.8.253:31112/function/wideresnet-9b-submod-0-param-8.cdgp
1704726982392333067,1704726988317431614,200,http://172.169.8.253:31112/function/wideresnet-9b-submod-0-param-8.cdgp
1704726982596426711,1704726991434945155,500,http://172.169.8.253:31112/function/wideresnet-9b-submod-0-param-8.cdgp
1704726983650902252,1704726992505222231,500,http://172.169.8.253:31112/function/wideresnet-9b-submod-0-param-8.cdgp
1704726984304289825,1704726987738318651,200,http://172.169.8.253:31112/function/wideresnet-9b-submod-0-param-8.cdgp
1704726984456751583,1704726993387442444,500,http://172.169.8.253:31112/function/wideresnet-9b-submod-0-param-8.cdgp
1704726984951478614,1704726991089171113,200,http://172.169.8.253:31112/function/wideresnet-9b-submod-0-param-8.cdgp
1704726986029661001,1704726994868710791,500,http://172.169.8.253:31112/function/wideresnet-9b-submod-0-param-8.cdgp
1704726986179217850,1704726995041744556,500,http://172.169.8.253:31112/function/wideresnet-9b-submod-0-param-8.cdgp
1704726986534841671,1704726995369003372,500,http://172.169.8.253:31112/function/wideresnet-9b-submod-0-param-8.cdgp
1704726987388118646,1704726996231855692,500,http://172.169.8.253:31112/function/wideresnet-9b-submod-0-param-8.cdgp
1704726988001411906,1704726996797018639,500,http://172.169.8.253:31112/function/wideresnet-9b-submod-0-param-8.cdgp
1704726988562935386,1704726997385689952,500,http://172.169.8.253:31112/function/wideresnet-9b-submod-0-param-8.cdgp
1704726989379024103,1704726998230198052,500,http://172.169.8.253:31112/function/wideresnet-9b-submod-0-param-8.cdgp
1704726989590325757,1704726998456997233,500,http://172.169.8.253:31112/function/wideresnet-9b-submod-0-param-8.cdgp
1704726989623462942,1704726998477464908,500,http://172.169.8.253:31112/function/wideresnet-9b-submod-0-param-8.cdgp
1704726990530726824,1704726999455597491,500,http://172.169.8.253:31112/function/wideresnet-9b-submod-0-param-8.cdgp
1704726990919040884,1704726999783991267,500,http://172.169.8.253:31112/function/wideresnet-9b-submod-0-param-8.cdgp
1704726992630475211,1704726995573891952,200,http://172.169.8.253:31112/function/wideresnet-9b-submod-0-param-8.cdgp
1704726992683412332,1704726995664084180,200,http://172.169.8.253:31112/function/wideresnet-9b-submod-0-param-8.cdgp
1704726993959337500,1704727002846354796,500,http://172.169.8.253:31112/function/wideresnet-9b-submod-0-param-8.cdgp
1704726994603326997,1704727001187084295,200,http://172.169.8.253:31112/function/wideresnet-9b-submod-0-param-8.cdgp
1704726996706859888,1704727005545882602,500,http://172.169.8.253:31112/function/wideresnet-9b-submod-0-param-8.cdgp
1704726996976128926,1704726998907359744,200,http://172.169.8.253:31112/function/wideresnet-9b-submod-0-param-8.cdgp
1704726997500688322,1704727006319965602,500,http://172.169.8.253:31112/function/wideresnet-9b-submod-0-param-8.cdgp
1704726998378218068,1704727007179515487,500,http://172.169.8.253:31112/function/wideresnet-9b-submod-0-param-8.cdgp
1704726999481247653,1704727002831158217,200,http://172.169.8.253:31112/function/wideresnet-9b-submod-0-param-8.cdgp
1704726999617470903,1704727004396288352,200,http://172.169.8.253:31112/function/wideresnet-9b-submod-0-param-8.cdgp
1704726999812541889,1704727001819303109,200,http://172.169.8.253:31112/function/wideresnet-9b-submod-0-param-8.cdgp
1704727001114977785,1704727002690153602,200,http://172.169.8.253:31112/function/wideresnet-9b-submod-0-param-8.cdgp
1704727001932178299,1704727010774031831,500,http://172.169.8.253:31112/function/wideresnet-9b-submod-0-param-8.cdgp
1704727002066171645,1704727003354370520,200,http://172.169.8.253:31112/function/wideresnet-9b-submod-0-param-8.cdgp
1704727002336397712,1704727006384467705,200,http://172.169.8.253:31112/function/wideresnet-9b-submod-0-param-8.cdgp
1704727003441861539,1704727009901681146,200,http://172.169.8.253:31112/function/wideresnet-9b-submod-0-param-8.cdgp
1704727003953978336,1704727005462841786,200,http://172.169.8.253:31112/function/wideresnet-9b-submod-0-param-8.cdgp
1704727004776272694,1704727011890485796,200,http://172.169.8.253:31112/function/wideresnet-9b-submod-0-param-8.cdgp
1704727005859965805,1704727009609316493,200,http://172.169.8.253:31112/function/wideresnet-9b-submod-0-param-8.cdgp
1704727006272330246,1704727009122335601,200,http://172.169.8.253:31112/function/wideresnet-9b-submod-0-param-8.cdgp
1704727007327908673,1704727016148551092,500,http://172.169.8.253:31112/function/wideresnet-9b-submod-0-param-8.cdgp
1704727007893557876,1704727016491752122,500,http://172.169.8.253:31112/function/wideresnet-9b-submod-0-param-8.cdgp
1704727008722949938,1704727010913831692,200,http://172.169.8.253:31112/function/wideresnet-9b-submod-0-param-8.cdgp
1704727008900477135,1704727015489357451,200,http://172.169.8.253:31112/function/wideresnet-9b-submod-0-param-8.cdgp
1704727009814871351,1704727011256576399,200,http://172.169.8.253:31112/function/wideresnet-9b-submod-0-param-8.cdgp
1704727010016717159,1704727017690475740,200,http://172.169.8.253:31112/function/wideresnet-9b-submod-0-param-8.cdgp
1704727010452787908,1704727013490498049,500,http://172.169.8.253:31112/function/wideresnet-9b-submod-0-param-8.cdgp
1704727010833173901,1704727017691142154,200,http://172.169.8.253:31112/function/wideresnet-9b-submod-0-param-8.cdgp
1704727011538775373,1704727017692163754,200,http://172.169.8.253:31112/function/wideresnet-9b-submod-0-param-8.cdgp
1704727012259051780,1704727014476918937,200,http://172.169.8.253:31112/function/wideresnet-9b-submod-0-param-8.cdgp
1704727012372242303,1704727014057174683,200,http://172.169.8.253:31112/function/wideresnet-9b-submod-0-param-8.cdgp
1704727013287485989,1704727015307497601,200,http://172.169.8.253:31112/function/wideresnet-9b-submod-0-param-8.cdgp
1704727014018868458,1704727015912295639,200,http://172.169.8.253:31112/function/wideresnet-9b-submod-0-param-8.cdgp
1704727014275399691,1704727016223740469,200,http://172.169.8.253:31112/function/wideresnet-9b-submod-0-param-8.cdgp
1704727014635366799,1704727021593824627,200,http://172.169.8.253:31112/function/wideresnet-9b-submod-0-param-8.cdgp
1704727016028831464,1704727021589784911,200,http://172.169.8.253:31112/function/wideresnet-9b-submod-0-param-8.cdgp
1704727017851744458,1704727019242541322,200,http://172.169.8.253:31112/function/wideresnet-9b-submod-0-param-8.cdgp
1704727018395002114,1704727024689426282,200,http://172.169.8.253:31112/function/wideresnet-9b-submod-0-param-8.cdgp
1704727018429065356,1704727020565825451,200,http://172.169.8.253:31112/function/wideresnet-9b-submod-0-param-8.cdgp
1704727019313887897,1704727021271803921,200,http://172.169.8.253:31112/function/wideresnet-9b-submod-0-param-8.cdgp
1704727022440470093,1704727026606978218,200,http://172.169.8.253:31112/function/wideresnet-9b-submod-0-param-8.cdgp
1704727022469300370,1704727024114178201,200,http://172.169.8.253:31112/function/wideresnet-9b-submod-0-param-8.cdgp
1704727023363222303,1704727032228667449,500,http://172.169.8.253:31112/function/wideresnet-9b-submod-0-param-8.cdgp
1704727024843913048,1704727033704557374,500,http://172.169.8.253:31112/function/wideresnet-9b-submod-0-param-8.cdgp
1704727024925845586,1704727033787938951,500,http://172.169.8.253:31112/function/wideresnet-9b-submod-0-param-8.cdgp
1704727025151759788,1704727034033077248,500,http://172.169.8.253:31112/function/wideresnet-9b-submod-0-param-8.cdgp
1704727025285105464,1704727034114873472,500,http://172.169.8.253:31112/function/wideresnet-9b-submod-0-param-8.cdgp
1704727025332650746,1704727027381536239,200,http://172.169.8.253:31112/function/wideresnet-9b-submod-0-param-8.cdgp
1704727026204101297,1704727035019373466,500,http://172.169.8.253:31112/function/wideresnet-9b-submod-0-param-8.cdgp
1704727026529359827,1704727035350575487,500,http://172.169.8.253:31112/function/wideresnet-9b-submod-0-param-8.cdgp
1704727026928986399,1704727028699994931,200,http://172.169.8.253:31112/function/wideresnet-9b-submod-0-param-8.cdgp
1704727028733546535,1704727031478230737,200,http://172.169.8.253:31112/function/wideresnet-9b-submod-0-param-8.cdgp
1704727028983074762,1704727031292916969,200,http://172.169.8.253:31112/function/wideresnet-9b-submod-0-param-8.cdgp
1704727030572076332,1704727032497204053,200,http://172.169.8.253:31112/function/wideresnet-9b-submod-0-param-8.cdgp
1704727030648297056,1704727039476621276,500,http://172.169.8.253:31112/function/wideresnet-9b-submod-0-param-8.cdgp
1704727031350571031,1704727040243838280,500,http://172.169.8.253:31112/function/wideresnet-9b-submod-0-param-8.cdgp
1704727033245392649,1704727042128159701,500,http://172.169.8.253:31112/function/wideresnet-9b-submod-0-param-8.cdgp
1704727033295644845,1704727035352552752,200,http://172.169.8.253:31112/function/wideresnet-9b-submod-0-param-8.cdgp
1704727034129099659,1704727036676909967,200,http://172.169.8.253:31112/function/wideresnet-9b-submod-0-param-8.cdgp
1704727035676492275,1704727044529804967,500,http://172.169.8.253:31112/function/wideresnet-9b-submod-0-param-8.cdgp
1704727035892473829,1704727037910042583,200,http://172.169.8.253:31112/function/wideresnet-9b-submod-0-param-8.cdgp
1704727037978926011,1704727046828895269,500,http://172.169.8.253:31112/function/wideresnet-9b-submod-0-param-8.cdgp
1704727038649063752,1704727040409359690,200,http://172.169.8.253:31112/function/wideresnet-9b-submod-0-param-8.cdgp
1704727039791805012,1704727041716066004,200,http://172.169.8.253:31112/function/wideresnet-9b-submod-0-param-8.cdgp
1704727040549275953,1704727049446662480,500,http://172.169.8.253:31112/function/wideresnet-9b-submod-0-param-8.cdgp
1704727042273558205,1704727045180757950,200,http://172.169.8.253:31112/function/wideresnet-9b-submod-0-param-8.cdgp
1704727042635785981,1704727045181242086,200,http://172.169.8.253:31112/function/wideresnet-9b-submod-0-param-8.cdgp
1704727043826935896,1704727052666022357,500,http://172.169.8.253:31112/function/wideresnet-9b-submod-0-param-8.cdgp
1704727044020292067,1704727052870774537,500,http://172.169.8.253:31112/function/wideresnet-9b-submod-0-param-8.cdgp
1704727044313385964,1704727053286437505,500,http://172.169.8.253:31112/function/wideresnet-9b-submod-0-param-8.cdgp
1704727044316079181,1704727047185655651,200,http://172.169.8.253:31112/function/wideresnet-9b-submod-0-param-8.cdgp
1704727044702477563,1704727048478185972,200,http://172.169.8.253:31112/function/wideresnet-9b-submod-0-param-8.cdgp
1704727045016761711,1704727053849529372,500,http://172.169.8.253:31112/function/wideresnet-9b-submod-0-param-8.cdgp
1704727045277940766,1704727050583001969,200,http://172.169.8.253:31112/function/wideresnet-9b-submod-0-param-8.cdgp
1704727045476997718,1704727050578732626,200,http://172.169.8.253:31112/function/wideresnet-9b-submod-0-param-8.cdgp
1704727045870011182,1704727054732235285,500,http://172.169.8.253:31112/function/wideresnet-9b-submod-0-param-8.cdgp
1704727046149095657,1704727054955854201,500,http://172.169.8.253:31112/function/wideresnet-9b-submod-0-param-8.cdgp
1704727046375846044,1704727055328099990,500,http://172.169.8.253:31112/function/wideresnet-9b-submod-0-param-8.cdgp
1704727046390817504,1704727055527814647,500,http://172.169.8.253:31112/function/wideresnet-9b-submod-0-param-8.cdgp
1704727046545609125,1704727055534128775,500,http://172.169.8.253:31112/function/wideresnet-9b-submod-0-param-8.cdgp
1704727046552134076,1704727050582657540,200,http://172.169.8.253:31112/function/wideresnet-9b-submod-0-param-8.cdgp
1704727046578977585,1704727055405027301,500,http://172.169.8.253:31112/function/wideresnet-9b-submod-0-param-8.cdgp
1704727047094227228,1704727050581787395,200,http://172.169.8.253:31112/function/wideresnet-9b-submod-0-param-8.cdgp
1704727047987736177,1704727052681231603,200,http://172.169.8.253:31112/function/wideresnet-9b-submod-0-param-8.cdgp
1704727048052005609,1704727056905202703,500,http://172.169.8.253:31112/function/wideresnet-9b-submod-0-param-8.cdgp
1704727048093071904,1704727052677174485,200,http://172.169.8.253:31112/function/wideresnet-9b-submod-0-param-8.cdgp
1704727048182276467,1704727053376953442,200,http://172.169.8.253:31112/function/wideresnet-9b-submod-0-param-8.cdgp
1704727049960550762,1704727054876602841,200,http://172.169.8.253:31112/function/wideresnet-9b-submod-0-param-8.cdgp
1704727050867533921,1704727056205479361,200,http://172.169.8.253:31112/function/wideresnet-9b-submod-0-param-8.cdgp
1704727050961005326,1704727056208482943,200,http://172.169.8.253:31112/function/wideresnet-9b-submod-0-param-8.cdgp
1704727051534844784,1704727056513332464,200,http://172.169.8.253:31112/function/wideresnet-9b-submod-0-param-8.cdgp
1704727051784295962,1704727060701500482,500,http://172.169.8.253:31112/function/wideresnet-9b-submod-0-param-8.cdgp
1704727052278419212,1704727061146420853,500,http://172.169.8.253:31112/function/wideresnet-9b-submod-0-param-8.cdgp
1704727053291161439,1704727056801862540,200,http://172.169.8.253:31112/function/wideresnet-9b-submod-0-param-8.cdgp
1704727054127321376,1704727056085361827,200,http://172.169.8.253:31112/function/wideresnet-9b-submod-0-param-8.cdgp
1704727054154484806,1704727063032441715,500,http://172.169.8.253:31112/function/wideresnet-9b-submod-0-param-8.cdgp
1704727055590354784,1704727064473616026,500,http://172.169.8.253:31112/function/wideresnet-9b-submod-0-param-8.cdgp
1704727055620368060,1704727064454549093,500,http://172.169.8.253:31112/function/wideresnet-9b-submod-0-param-8.cdgp
1704727056062926883,1704727064928326897,500,http://172.169.8.253:31112/function/wideresnet-9b-submod-0-param-8.cdgp
1704727057098072020,1704727058913959638,200,http://172.169.8.253:31112/function/wideresnet-9b-submod-0-param-8.cdgp
1704727059004331096,1704727061382932736,200,http://172.169.8.253:31112/function/wideresnet-9b-submod-0-param-8.cdgp
1704727059285985007,1704727068125872166,500,http://172.169.8.253:31112/function/wideresnet-9b-submod-0-param-8.cdgp
1704727059734514378,1704727068548018899,500,http://172.169.8.253:31112/function/wideresnet-9b-submod-0-param-8.cdgp
1704727059911799780,1704727062077019086,200,http://172.169.8.253:31112/function/wideresnet-9b-submod-0-param-8.cdgp
1704727060266121878,1704727069062511289,500,http://172.169.8.253:31112/function/wideresnet-9b-submod-0-param-8.cdgp
1704727060614712022,1704727063431596973,200,http://172.169.8.253:31112/function/wideresnet-9b-submod-0-param-8.cdgp
1704727060688889148,1704727063717181719,200,http://172.169.8.253:31112/function/wideresnet-9b-submod-0-param-8.cdgp
1704727061064188428,1704727069888054684,500,http://172.169.8.253:31112/function/wideresnet-9b-submod-0-param-8.cdgp
1704727064092115764,1704727072927619965,500,http://172.169.8.253:31112/function/wideresnet-9b-submod-0-param-8.cdgp
1704727064111111361,1704727073010072862,500,http://172.169.8.253:31112/function/wideresnet-9b-submod-0-param-8.cdgp
1704727064338294794,1704727073232239485,500,http://172.169.8.253:31112/function/wideresnet-9b-submod-0-param-8.cdgp
1704727066576302331,1704727075428934331,500,http://172.169.8.253:31112/function/wideresnet-9b-submod-0-param-8.cdgp
1704727068480123649,1704727077329637746,500,http://172.169.8.253:31112/function/wideresnet-9b-submod-0-param-8.cdgp
1704727069170899900,1704727078140861008,500,http://172.169.8.253:31112/function/wideresnet-9b-submod-0-param-8.cdgp
1704727069240826484,1704727078136892624,500,http://172.169.8.253:31112/function/wideresnet-9b-submod-0-param-8.cdgp
1704727071204434708,1704727080049885793,500,http://172.169.8.253:31112/function/wideresnet-9b-submod-0-param-8.cdgp
1704727072320820794,1704727074207601324,200,http://172.169.8.253:31112/function/wideresnet-9b-submod-0-param-8.cdgp
1704727072510968965,1704727075001068301,200,http://172.169.8.253:31112/function/wideresnet-9b-submod-0-param-8.cdgp
1704727073439416381,1704727075460694009,200,http://172.169.8.253:31112/function/wideresnet-9b-submod-0-param-8.cdgp
1704727074487204092,1704727077003767041,200,http://172.169.8.253:31112/function/wideresnet-9b-submod-0-param-8.cdgp
1704727074608205162,1704727083454843367,500,http://172.169.8.253:31112/function/wideresnet-9b-submod-0-param-8.cdgp
1704727074864909712,1704727083673206880,500,http://172.169.8.253:31112/function/wideresnet-9b-submod-0-param-8.cdgp
1704727075472039882,1704727084310947428,500,http://172.169.8.253:31112/function/wideresnet-9b-submod-0-param-8.cdgp
1704727075567187549,1704727077436171550,200,http://172.169.8.253:31112/function/wideresnet-9b-submod-0-param-8.cdgp
1704727076373168054,1704727085213918173,500,http://172.169.8.253:31112/function/wideresnet-9b-submod-0-param-8.cdgp
1704727077671174891,1704727079514339561,200,http://172.169.8.253:31112/function/wideresnet-9b-submod-0-param-8.cdgp
1704727077685220514,1704727086604301227,500,http://172.169.8.253:31112/function/wideresnet-9b-submod-0-param-8.cdgp
1704727077785102316,1704727086704001788,500,http://172.169.8.253:31112/function/wideresnet-9b-submod-0-param-8.cdgp
1704727078110144294,1704727086968216869,500,http://172.169.8.253:31112/function/wideresnet-9b-submod-0-param-8.cdgp
1704727079641030111,1704727088541600806,500,http://172.169.8.253:31112/function/wideresnet-9b-submod-0-param-8.cdgp
1704727080772032704,1704727089640826699,500,http://172.169.8.253:31112/function/wideresnet-9b-submod-0-param-8.cdgp
1704727080873491511,1704727089734867676,500,http://172.169.8.253:31112/function/wideresnet-9b-submod-0-param-8.cdgp
1704727081163267511,1704727082809657355,200,http://172.169.8.253:31112/function/wideresnet-9b-submod-0-param-8.cdgp
1704727081716406163,1704727083555380882,200,http://172.169.8.253:31112/function/wideresnet-9b-submod-0-param-8.cdgp
1704727083796064419,1704727092622440528,500,http://172.169.8.253:31112/function/wideresnet-9b-submod-0-param-8.cdgp
1704727085590532546,1704727087541013834,200,http://172.169.8.253:31112/function/wideresnet-9b-submod-0-param-8.cdgp
1704727087318807502,1704727096186169870,500,http://172.169.8.253:31112/function/wideresnet-9b-submod-0-param-8.cdgp
1704727087562185057,1704727089622856901,200,http://172.169.8.253:31112/function/wideresnet-9b-submod-0-param-8.cdgp
1704727087592151923,1704727096406902415,500,http://172.169.8.253:31112/function/wideresnet-9b-submod-0-param-8.cdgp
1704727088120974152,1704727091810051248,200,http://172.169.8.253:31112/function/wideresnet-9b-submod-0-param-8.cdgp
1704727088403897882,1704727092079036901,200,http://172.169.8.253:31112/function/wideresnet-9b-submod-0-param-8.cdgp
1704727089041115058,1704727092487228479,200,http://172.169.8.253:31112/function/wideresnet-9b-submod-0-param-8.cdgp
1704727090353227798,1704727094877997033,200,http://172.169.8.253:31112/function/wideresnet-9b-submod-0-param-8.cdgp
1704727090415344668,1704727099225816002,500,http://172.169.8.253:31112/function/wideresnet-9b-submod-0-param-8.cdgp
1704727090898207702,1704727094880582983,200,http://172.169.8.253:31112/function/wideresnet-9b-submod-0-param-8.cdgp
1704727092409597233,1704727094918429225,200,http://172.169.8.253:31112/function/wideresnet-9b-submod-0-param-8.cdgp
1704727092905072727,1704727101822123882,500,http://172.169.8.253:31112/function/wideresnet-9b-submod-0-param-8.cdgp
1704727093202446211,1704727102028325611,500,http://172.169.8.253:31112/function/wideresnet-9b-submod-0-param-8.cdgp
1704727094121130633,1704727096507030961,200,http://172.169.8.253:31112/function/wideresnet-9b-submod-0-param-8.cdgp
1704727094613692954,1704727103429489065,500,http://172.169.8.253:31112/function/wideresnet-9b-submod-0-param-8.cdgp
1704727096861323253,1704727105704386360,500,http://172.169.8.253:31112/function/wideresnet-9b-submod-0-param-8.cdgp
1704727097641725326,1704727107643024807,500,http://172.169.8.253:31112/function/wideresnet-9b-submod-0-param-8.cdgp
1704727097841006778,1704727106656211751,500,http://172.169.8.253:31112/function/wideresnet-9b-submod-0-param-8.cdgp
1704727098793535245,1704727108794512520,500,http://172.169.8.253:31112/function/wideresnet-9b-submod-0-param-8.cdgp
1704727099181729904,1704727109182032894,500,http://172.169.8.253:31112/function/wideresnet-9b-submod-0-param-8.cdgp
1704727101163766634,1704727110020477386,500,http://172.169.8.253:31112/function/wideresnet-9b-submod-0-param-8.cdgp
1704727101629691320,1704727103705115089,200,http://172.169.8.253:31112/function/wideresnet-9b-submod-0-param-8.cdgp
1704727104282751803,1704727106176517441,200,http://172.169.8.253:31112/function/wideresnet-9b-submod-0-param-8.cdgp
1704727105261153228,1704727114840172777,500,http://172.169.8.253:31112/function/wideresnet-9b-submod-0-param-8.cdgp
1704727105389437059,1704727109877236830,200,http://172.169.8.253:31112/function/wideresnet-9b-submod-0-param-8.cdgp
1704727105689631730,1704727109878193439,200,http://172.169.8.253:31112/function/wideresnet-9b-submod-0-param-8.cdgp
1704727106361644758,1704727115161315995,500,http://172.169.8.253:31112/function/wideresnet-9b-submod-0-param-8.cdgp
1704727107290964473,1704727111993537756,200,http://172.169.8.253:31112/function/wideresnet-9b-submod-0-param-8.cdgp
1704727107900913194,1704727109877772999,200,http://172.169.8.253:31112/function/wideresnet-9b-submod-0-param-8.cdgp
1704727108384702608,1704727115149715119,200,http://172.169.8.253:31112/function/wideresnet-9b-submod-0-param-8.cdgp
1704727108770424560,1704727115009300622,200,http://172.169.8.253:31112/function/wideresnet-9b-submod-0-param-8.cdgp
1704727110342667981,1704727119939998052,500,http://172.169.8.253:31112/function/wideresnet-9b-submod-0-param-8.cdgp
1704727110466795539,1704727120467496581,500,http://172.169.8.253:31112/function/wideresnet-9b-submod-0-param-8.cdgp
1704727111587690933,1704727117477692463,200,http://172.169.8.253:31112/function/wideresnet-9b-submod-0-param-8.cdgp
1704727113113669436,1704727121969191040,500,http://172.169.8.253:31112/function/wideresnet-9b-submod-0-param-8.cdgp
1704727113737936152,1704727116617856862,200,http://172.169.8.253:31112/function/wideresnet-9b-submod-0-param-8.cdgp
1704727115495743774,1704727119860033019,200,http://172.169.8.253:31112/function/wideresnet-9b-submod-0-param-8.cdgp
1704727116098565443,1704727119864141564,200,http://172.169.8.253:31112/function/wideresnet-9b-submod-0-param-8.cdgp
1704727116746359509,1704727125627257692,500,http://172.169.8.253:31112/function/wideresnet-9b-submod-0-param-8.cdgp
1704727116874957527,1704727120118887482,200,http://172.169.8.253:31112/function/wideresnet-9b-submod-0-param-8.cdgp
1704727117725505367,1704727126762893903,500,http://172.169.8.253:31112/function/wideresnet-9b-submod-0-param-8.cdgp
1704727119701405534,1704727126802215563,500,http://172.169.8.253:31112/function/wideresnet-9b-submod-0-param-8.cdgp
1704727119866570514,1704727126796091285,500,http://172.169.8.253:31112/function/wideresnet-9b-submod-0-param-8.cdgp
1704727120385444155,1704727124860870805,200,http://172.169.8.253:31112/function/wideresnet-9b-submod-0-param-8.cdgp
1704727122043896826,1704727126460276435,200,http://172.169.8.253:31112/function/wideresnet-9b-submod-0-param-8.cdgp
1704727122695319058,1704727126796424921,500,http://172.169.8.253:31112/function/wideresnet-9b-submod-0-param-8.cdgp
1704727123653147871,1704727132504010367,500,http://172.169.8.253:31112/function/wideresnet-9b-submod-0-param-8.cdgp
1704727124456715676,1704727133310652830,500,http://172.169.8.253:31112/function/wideresnet-9b-submod-0-param-8.cdgp
1704727124541302360,1704727127905369837,200,http://172.169.8.253:31112/function/wideresnet-9b-submod-0-param-8.cdgp
1704727125386173712,1704727126460934575,500,http://172.169.8.253:31112/function/wideresnet-9b-submod-0-param-8.cdgp
1704727125792265634,1704727134626353523,500,http://172.169.8.253:31112/function/wideresnet-9b-submod-0-param-8.cdgp
1704727125875823018,1704727134674957898,500,http://172.169.8.253:31112/function/wideresnet-9b-submod-0-param-8.cdgp
1704727126577948261,1704727135372117181,500,http://172.169.8.253:31112/function/wideresnet-9b-submod-0-param-8.cdgp
1704727126616253882,1704727135411982216,500,http://172.169.8.253:31112/function/wideresnet-9b-submod-0-param-8.cdgp
1704727127400438337,1704727136215904405,500,http://172.169.8.253:31112/function/wideresnet-9b-submod-0-param-8.cdgp
1704727127453865546,1704727136309714497,500,http://172.169.8.253:31112/function/wideresnet-9b-submod-0-param-8.cdgp
1704727127583810625,1704727129284498461,200,http://172.169.8.253:31112/function/wideresnet-9b-submod-0-param-8.cdgp
1704727128485273648,1704727130712378718,200,http://172.169.8.253:31112/function/wideresnet-9b-submod-0-param-8.cdgp
1704727128847025574,1704727132479706431,200,http://172.169.8.253:31112/function/wideresnet-9b-submod-0-param-8.cdgp
1704727128902656358,1704727133007065822,200,http://172.169.8.253:31112/function/wideresnet-9b-submod-0-param-8.cdgp
1704727129569510236,1704727135585489756,200,http://172.169.8.253:31112/function/wideresnet-9b-submod-0-param-8.cdgp
1704727130391549710,1704727139237133745,500,http://172.169.8.253:31112/function/wideresnet-9b-submod-0-param-8.cdgp
1704727131357241638,1704727136803911680,200,http://172.169.8.253:31112/function/wideresnet-9b-submod-0-param-8.cdgp
1704727131980191556,1704727136805067041,200,http://172.169.8.253:31112/function/wideresnet-9b-submod-0-param-8.cdgp
1704727132074245382,1704727140949626239,500,http://172.169.8.253:31112/function/wideresnet-9b-submod-0-param-8.cdgp
1704727133857899568,1704727135507491473,200,http://172.169.8.253:31112/function/wideresnet-9b-submod-0-param-8.cdgp
1704727134071377380,1704727137992538433,200,http://172.169.8.253:31112/function/wideresnet-9b-submod-0-param-8.cdgp
1704727135944522831,1704727138977226668,200,http://172.169.8.253:31112/function/wideresnet-9b-submod-0-param-8.cdgp
1704727136828187918,1704727138271203611,200,http://172.169.8.253:31112/function/wideresnet-9b-submod-0-param-8.cdgp
1704727136874228996,1704727145722183997,500,http://172.169.8.253:31112/function/wideresnet-9b-submod-0-param-8.cdgp
1704727137192861013,1704727140679169873,200,http://172.169.8.253:31112/function/wideresnet-9b-submod-0-param-8.cdgp
1704727137942059338,1704727139374824650,200,http://172.169.8.253:31112/function/wideresnet-9b-submod-0-param-8.cdgp
1704727138373793785,1704727144201956144,200,http://172.169.8.253:31112/function/wideresnet-9b-submod-0-param-8.cdgp
1704727138400736826,1704727141468510154,200,http://172.169.8.253:31112/function/wideresnet-9b-submod-0-param-8.cdgp
1704727139583836702,1704727148381028814,500,http://172.169.8.253:31112/function/wideresnet-9b-submod-0-param-8.cdgp
1704727139706335680,1704727142639164228,200,http://172.169.8.253:31112/function/wideresnet-9b-submod-0-param-8.cdgp
1704727139762529286,1704727141092594138,200,http://172.169.8.253:31112/function/wideresnet-9b-submod-0-param-8.cdgp
1704727140770686551,1704727143179567711,200,http://172.169.8.253:31112/function/wideresnet-9b-submod-0-param-8.cdgp
1704727140887423109,1704727147822741416,200,http://172.169.8.253:31112/function/wideresnet-9b-submod-0-param-8.cdgp
1704727141212585174,1704727144879604844,200,http://172.169.8.253:31112/function/wideresnet-9b-submod-0-param-8.cdgp
1704727142260791168,1704727146060293576,200,http://172.169.8.253:31112/function/wideresnet-9b-submod-0-param-8.cdgp
1704727142325869052,1704727147706694348,200,http://172.169.8.253:31112/function/wideresnet-9b-submod-0-param-8.cdgp
1704727142494725197,1704727146018901388,200,http://172.169.8.253:31112/function/wideresnet-9b-submod-0-param-8.cdgp
1704727142589245855,1704727145802892102,200,http://172.169.8.253:31112/function/wideresnet-9b-submod-0-param-8.cdgp
1704727144149221981,1704727145603401524,200,http://172.169.8.253:31112/function/wideresnet-9b-submod-0-param-8.cdgp
1704727145408482674,1704727154219483904,500,http://172.169.8.253:31112/function/wideresnet-9b-submod-0-param-8.cdgp
1704727147469252405,1704727149365607929,200,http://172.169.8.253:31112/function/wideresnet-9b-submod-0-param-8.cdgp
1704727147860154665,1704727156748667718,500,http://172.169.8.253:31112/function/wideresnet-9b-submod-0-param-8.cdgp
1704727148041892177,1704727156842835581,500,http://172.169.8.253:31112/function/wideresnet-9b-submod-0-param-8.cdgp
1704727148712061313,1704727150899509732,200,http://172.169.8.253:31112/function/wideresnet-9b-submod-0-param-8.cdgp
1704727149206479225,1704727155086697605,200,http://172.169.8.253:31112/function/wideresnet-9b-submod-0-param-8.cdgp
1704727149313564452,1704727153615197644,200,http://172.169.8.253:31112/function/wideresnet-9b-submod-0-param-8.cdgp
1704727149870388869,1704727151179161566,200,http://172.169.8.253:31112/function/wideresnet-9b-submod-0-param-8.cdgp
1704727149969293991,1704727152207750201,200,http://172.169.8.253:31112/function/wideresnet-9b-submod-0-param-8.cdgp
1704727150220651331,1704727159028226107,500,http://172.169.8.253:31112/function/wideresnet-9b-submod-0-param-8.cdgp
1704727150577088317,1704727155079256408,200,http://172.169.8.253:31112/function/wideresnet-9b-submod-0-param-8.cdgp
1704727151390264587,1704727155663286633,200,http://172.169.8.253:31112/function/wideresnet-9b-submod-0-param-8.cdgp
1704727151590756875,1704727155921542102,200,http://172.169.8.253:31112/function/wideresnet-9b-submod-0-param-8.cdgp
1704727152818837927,1704727154957513485,200,http://172.169.8.253:31112/function/wideresnet-9b-submod-0-param-8.cdgp
1704727153035980072,1704727156197740683,200,http://172.169.8.253:31112/function/wideresnet-9b-submod-0-param-8.cdgp
1704727153455139002,1704727154953724574,200,http://172.169.8.253:31112/function/wideresnet-9b-submod-0-param-8.cdgp
1704727153573697159,1704727162372207721,500,http://172.169.8.253:31112/function/wideresnet-9b-submod-0-param-8.cdgp
1704727153726443911,1704727162524608280,500,http://172.169.8.253:31112/function/wideresnet-9b-submod-0-param-8.cdgp
1704727153949283704,1704727156536793065,200,http://172.169.8.253:31112/function/wideresnet-9b-submod-0-param-8.cdgp
1704727154844934769,1704727163722462914,500,http://172.169.8.253:31112/function/wideresnet-9b-submod-0-param-8.cdgp
1704727155373977463,1704727157142796220,200,http://172.169.8.253:31112/function/wideresnet-9b-submod-0-param-8.cdgp
1704727155869184076,1704727164681213048,500,http://172.169.8.253:31112/function/wideresnet-9b-submod-0-param-8.cdgp
1704727156088338407,1704727164953769682,500,http://172.169.8.253:31112/function/wideresnet-9b-submod-0-param-8.cdgp
1704727156569850359,1704727165447439896,500,http://172.169.8.253:31112/function/wideresnet-9b-submod-0-param-8.cdgp
1704727156651695329,1704727158207258945,200,http://172.169.8.253:31112/function/wideresnet-9b-submod-0-param-8.cdgp
1704727156835863457,1704727165795249767,500,http://172.169.8.253:31112/function/wideresnet-9b-submod-0-param-8.cdgp
1704727157443316423,1704727159357473517,200,http://172.169.8.253:31112/function/wideresnet-9b-submod-0-param-8.cdgp
1704727158671205506,1704727167522824222,500,http://172.169.8.253:31112/function/wideresnet-9b-submod-0-param-8.cdgp
1704727161492070496,1704727170326791658,500,http://172.169.8.253:31112/function/wideresnet-9b-submod-0-param-8.cdgp
1704727161617936536,1704727163426260334,200,http://172.169.8.253:31112/function/wideresnet-9b-submod-0-param-8.cdgp
1704727163378048333,1704727166659363207,200,http://172.169.8.253:31112/function/wideresnet-9b-submod-0-param-8.cdgp
1704727163945103709,1704727172805411544,500,http://172.169.8.253:31112/function/wideresnet-9b-submod-0-param-8.cdgp
1704727164126617033,1704727172947826590,500,http://172.169.8.253:31112/function/wideresnet-9b-submod-0-param-8.cdgp
1704727164295596119,1704727167159958346,200,http://172.169.8.253:31112/function/wideresnet-9b-submod-0-param-8.cdgp
1704727165643417871,1704727168882038754,200,http://172.169.8.253:31112/function/wideresnet-9b-submod-0-param-8.cdgp
1704727165643787692,1704727174506844940,500,http://172.169.8.253:31112/function/wideresnet-9b-submod-0-param-8.cdgp
1704727166341499453,1704727175156459523,500,http://172.169.8.253:31112/function/wideresnet-9b-submod-0-param-8.cdgp
1704727168201036716,1704727170978288414,200,http://172.169.8.253:31112/function/wideresnet-9b-submod-0-param-8.cdgp
1704727169657668027,1704727175077058001,200,http://172.169.8.253:31112/function/wideresnet-9b-submod-0-param-8.cdgp
1704727169764681708,1704727175294327850,200,http://172.169.8.253:31112/function/wideresnet-9b-submod-0-param-8.cdgp
1704727169823383268,1704727178719092847,500,http://172.169.8.253:31112/function/wideresnet-9b-submod-0-param-8.cdgp
1704727170404820896,1704727179221227607,500,http://172.169.8.253:31112/function/wideresnet-9b-submod-0-param-8.cdgp
1704727170531115303,1704727179358449725,500,http://172.169.8.253:31112/function/wideresnet-9b-submod-0-param-8.cdgp
1704727170751135002,1704727180070937009,500,http://172.169.8.253:31112/function/wideresnet-9b-submod-0-param-8.cdgp
1704727171412872674,1704727180291383050,500,http://172.169.8.253:31112/function/wideresnet-9b-submod-0-param-8.cdgp
1704727171426431276,1704727175290726455,200,http://172.169.8.253:31112/function/wideresnet-9b-submod-0-param-8.cdgp
1704727171910798457,1704727176282722139,200,http://172.169.8.253:31112/function/wideresnet-9b-submod-0-param-8.cdgp
1704727173885464430,1704727182762990548,500,http://172.169.8.253:31112/function/wideresnet-9b-submod-0-param-8.cdgp
1704727174282968704,1704727177097466165,200,http://172.169.8.253:31112/function/wideresnet-9b-submod-0-param-8.cdgp
1704727175187063462,1704727184050621843,500,http://172.169.8.253:31112/function/wideresnet-9b-submod-0-param-8.cdgp
1704727175553418763,1704727178083485263,200,http://172.169.8.253:31112/function/wideresnet-9b-submod-0-param-8.cdgp
1704727175734899182,1704727184553174539,500,http://172.169.8.253:31112/function/wideresnet-9b-submod-0-param-8.cdgp
1704727176822578059,1704727185687741914,500,http://172.169.8.253:31112/function/wideresnet-9b-submod-0-param-8.cdgp
1704727177136460288,1704727179994092734,200,http://172.169.8.253:31112/function/wideresnet-9b-submod-0-param-8.cdgp
1704727178090398575,1704727186938309541,500,http://172.169.8.253:31112/function/wideresnet-9b-submod-0-param-8.cdgp
1704727178325930003,1704727187154628960,500,http://172.169.8.253:31112/function/wideresnet-9b-submod-0-param-8.cdgp
1704727178873068564,1704727187746076433,500,http://172.169.8.253:31112/function/wideresnet-9b-submod-0-param-8.cdgp
1704727178891139140,1704727187700058972,500,http://172.169.8.253:31112/function/wideresnet-9b-submod-0-param-8.cdgp
1704727179325397140,1704727183376163108,200,http://172.169.8.253:31112/function/wideresnet-9b-submod-0-param-8.cdgp
1704727180569010643,1704727184459366605,200,http://172.169.8.253:31112/function/wideresnet-9b-submod-0-param-8.cdgp
1704727180780026089,1704727184455834286,200,http://172.169.8.253:31112/function/wideresnet-9b-submod-0-param-8.cdgp
1704727181338435472,1704727186430855356,200,http://172.169.8.253:31112/function/wideresnet-9b-submod-0-param-8.cdgp
1704727181590820951,1704727185972068688,200,http://172.169.8.253:31112/function/wideresnet-9b-submod-0-param-8.cdgp
1704727183497707292,1704727192324271466,500,http://172.169.8.253:31112/function/wideresnet-9b-submod-0-param-8.cdgp
1704727183976570256,1704727192819933788,500,http://172.169.8.253:31112/function/wideresnet-9b-submod-0-param-8.cdgp
1704727186708044523,1704727195588721739,500,http://172.169.8.253:31112/function/wideresnet-9b-submod-0-param-8.cdgp
1704727187304293845,1704727196121248742,500,http://172.169.8.253:31112/function/wideresnet-9b-submod-0-param-8.cdgp
1704727187428650756,1704727196244665718,500,http://172.169.8.253:31112/function/wideresnet-9b-submod-0-param-8.cdgp
1704727188425001494,1704727190976690495,200,http://172.169.8.253:31112/function/wideresnet-9b-submod-0-param-8.cdgp
1704727190260766188,1704727199275637166,500,http://172.169.8.253:31112/function/wideresnet-9b-submod-0-param-8.cdgp
1704727190329922840,1704727193377060516,200,http://172.169.8.253:31112/function/wideresnet-9b-submod-0-param-8.cdgp
1704727190892857555,1704727193615000314,200,http://172.169.8.253:31112/function/wideresnet-9b-submod-0-param-8.cdgp
1704727191983552924,1704727200864870823,500,http://172.169.8.253:31112/function/wideresnet-9b-submod-0-param-8.cdgp
1704727192472180387,1704727195109689441,200,http://172.169.8.253:31112/function/wideresnet-9b-submod-0-param-8.cdgp
1704727192560608307,1704727201646655901,500,http://172.169.8.253:31112/function/wideresnet-9b-submod-0-param-8.cdgp
1704727194484423915,1704727203381516346,500,http://172.169.8.253:31112/function/wideresnet-9b-submod-0-param-8.cdgp
1704727195411005197,1704727204247725669,500,http://172.169.8.253:31112/function/wideresnet-9b-submod-0-param-8.cdgp
1704727195825317737,1704727204744865830,500,http://172.169.8.253:31112/function/wideresnet-9b-submod-0-param-8.cdgp
1704727197629251942,1704727206520600983,500,http://172.169.8.253:31112/function/wideresnet-9b-submod-0-param-8.cdgp
1704727197931424672,1704727200598588569,200,http://172.169.8.253:31112/function/wideresnet-9b-submod-0-param-8.cdgp
1704727197980387941,1704727206774986707,500,http://172.169.8.253:31112/function/wideresnet-9b-submod-0-param-8.cdgp
1704727198306982446,1704727207128434541,500,http://172.169.8.253:31112/function/wideresnet-9b-submod-0-param-8.cdgp
1704727198746875738,1704727207544269600,500,http://172.169.8.253:31112/function/wideresnet-9b-submod-0-param-8.cdgp
1704727198934087368,1704727207819179658,500,http://172.169.8.253:31112/function/wideresnet-9b-submod-0-param-8.cdgp
1704727199753010270,1704727203255279650,200,http://172.169.8.253:31112/function/wideresnet-9b-submod-0-param-8.cdgp
1704727200422029964,1704727203259376165,200,http://172.169.8.253:31112/function/wideresnet-9b-submod-0-param-8.cdgp
1704727201546264343,1704727204715425294,200,http://172.169.8.253:31112/function/wideresnet-9b-submod-0-param-8.cdgp
1704727203029275670,1704727211945898694,500,http://172.169.8.253:31112/function/wideresnet-9b-submod-0-param-8.cdgp
1704727203929225849,1704727206975721462,200,http://172.169.8.253:31112/function/wideresnet-9b-submod-0-param-8.cdgp
1704727205450105210,1704727214307120769,500,http://172.169.8.253:31112/function/wideresnet-9b-submod-0-param-8.cdgp
1704727206208222740,1704727208514923986,200,http://172.169.8.253:31112/function/wideresnet-9b-submod-0-param-8.cdgp
1704727206303604070,1704727215185578544,500,http://172.169.8.253:31112/function/wideresnet-9b-submod-0-param-8.cdgp
1704727207973387022,1704727216804468013,500,http://172.169.8.253:31112/function/wideresnet-9b-submod-0-param-8.cdgp
1704727208477085336,1704727217311758274,500,http://172.169.8.253:31112/function/wideresnet-9b-submod-0-param-8.cdgp
1704727208653457659,1704727217591465677,500,http://172.169.8.253:31112/function/wideresnet-9b-submod-0-param-8.cdgp
1704727208744767056,1704727217664379629,500,http://172.169.8.253:31112/function/wideresnet-9b-submod-0-param-8.cdgp
1704727208811195546,1704727217626766003,500,http://172.169.8.253:31112/function/wideresnet-9b-submod-0-param-8.cdgp
1704727209787868429,1704727212207151846,200,http://172.169.8.253:31112/function/wideresnet-9b-submod-0-param-8.cdgp
1704727212492143909,1704727215171160578,200,http://172.169.8.253:31112/function/wideresnet-9b-submod-0-param-8.cdgp
1704727213124723329,1704727222047300889,500,http://172.169.8.253:31112/function/wideresnet-9b-submod-0-param-8.cdgp
1704727214099218507,1704727217058264937,200,http://172.169.8.253:31112/function/wideresnet-9b-submod-0-param-8.cdgp
1704727215873287006,1704727218106197461,200,http://172.169.8.253:31112/function/wideresnet-9b-submod-0-param-8.cdgp
1704727216747938847,1704727225603397265,500,http://172.169.8.253:31112/function/wideresnet-9b-submod-0-param-8.cdgp
1704727217455871236,1704727226347155909,500,http://172.169.8.253:31112/function/wideresnet-9b-submod-0-param-8.cdgp
1704727218124382159,1704727224471892719,200,http://172.169.8.253:31112/function/wideresnet-9b-submod-0-param-8.cdgp
1704727218561212839,1704727222762776575,200,http://172.169.8.253:31112/function/wideresnet-9b-submod-0-param-8.cdgp
1704727218599289479,1704727222756674120,200,http://172.169.8.253:31112/function/wideresnet-9b-submod-0-param-8.cdgp
1704727218681901514,1704727224467544882,200,http://172.169.8.253:31112/function/wideresnet-9b-submod-0-param-8.cdgp
1704727218805260749,1704727224469391734,200,http://172.169.8.253:31112/function/wideresnet-9b-submod-0-param-8.cdgp
1704727220161427203,1704727227593293521,200,http://172.169.8.253:31112/function/wideresnet-9b-submod-0-param-8.cdgp
1704727220178378275,1704727229004793091,500,http://172.169.8.253:31112/function/wideresnet-9b-submod-0-param-8.cdgp
1704727220324889518,1704727226557778289,200,http://172.169.8.253:31112/function/wideresnet-9b-submod-0-param-8.cdgp
1704727221960197043,1704727226701128659,200,http://172.169.8.253:31112/function/wideresnet-9b-submod-0-param-8.cdgp
1704727223280180922,1704727226560896287,200,http://172.169.8.253:31112/function/wideresnet-9b-submod-0-param-8.cdgp
1704727224703464556,1704727228263058453,200,http://172.169.8.253:31112/function/wideresnet-9b-submod-0-param-8.cdgp
1704727225705698152,1704727234589896762,500,http://172.169.8.253:31112/function/wideresnet-9b-submod-0-param-8.cdgp
1704727226898241616,1704727229099925451,200,http://172.169.8.253:31112/function/wideresnet-9b-submod-0-param-8.cdgp
1704727229719546501,1704727231908200407,200,http://172.169.8.253:31112/function/wideresnet-9b-submod-0-param-8.cdgp
1704727232256942208,1704727235657419355,200,http://172.169.8.253:31112/function/wideresnet-9b-submod-0-param-8.cdgp
1704727232523179959,1704727237376857615,200,http://172.169.8.253:31112/function/wideresnet-9b-submod-0-param-8.cdgp
1704727232734367884,1704727235661785954,200,http://172.169.8.253:31112/function/wideresnet-9b-submod-0-param-8.cdgp
1704727233061635938,1704727241870734468,500,http://172.169.8.253:31112/function/wideresnet-9b-submod-0-param-8.cdgp
1704727233220944021,1704727236607922661,200,http://172.169.8.253:31112/function/wideresnet-9b-submod-0-param-8.cdgp
1704727234669950292,1704727243490973362,500,http://172.169.8.253:31112/function/wideresnet-9b-submod-0-param-8.cdgp
1704727234814232355,1704727243691490097,500,http://172.169.8.253:31112/function/wideresnet-9b-submod-0-param-8.cdgp
1704727235931319974,1704727244146926651,500,http://172.169.8.253:31112/function/wideresnet-9b-submod-0-param-8.cdgp
1704727236266324446,1704727244194275340,500,http://172.169.8.253:31112/function/wideresnet-9b-submod-0-param-8.cdgp
1704727236949034258,1704727239657348032,200,http://172.169.8.253:31112/function/wideresnet-9b-submod-0-param-8.cdgp
1704727238696275033,1704727246736398672,500,http://172.169.8.253:31112/function/wideresnet-9b-submod-0-param-8.cdgp
1704727238991856749,1704727244776560557,200,http://172.169.8.253:31112/function/wideresnet-9b-submod-0-param-8.cdgp
1704727239305754510,1704727247333998239,500,http://172.169.8.253:31112/function/wideresnet-9b-submod-0-param-8.cdgp
1704727240251374049,1704727244191241877,500,http://172.169.8.253:31112/function/wideresnet-9b-submod-0-param-8.cdgp
1704727240696481658,1704727244101156178,500,http://172.169.8.253:31112/function/wideresnet-9b-submod-0-param-8.cdgp
1704727241373965455,1704727249879925639,500,http://172.169.8.253:31112/function/wideresnet-9b-submod-0-param-8.cdgp
1704727241633019197,1704727248098790224,200,http://172.169.8.253:31112/function/wideresnet-9b-submod-0-param-8.cdgp
1704727243300120311,1704727252098986540,500,http://172.169.8.253:31112/function/wideresnet-9b-submod-0-param-8.cdgp
1704727243680216181,1704727252517364466,500,http://172.169.8.253:31112/function/wideresnet-9b-submod-0-param-8.cdgp
1704727244018665157,1704727250476941650,200,http://172.169.8.253:31112/function/wideresnet-9b-submod-0-param-8.cdgp
1704727244310724239,1704727250477933060,200,http://172.169.8.253:31112/function/wideresnet-9b-submod-0-param-8.cdgp
1704727244693941190,1704727253555549683,500,http://172.169.8.253:31112/function/wideresnet-9b-submod-0-param-8.cdgp
1704727248451943562,1704727252682686415,200,http://172.169.8.253:31112/function/wideresnet-9b-submod-0-param-8.cdgp
1704727248729825797,1704727256125145391,200,http://172.169.8.253:31112/function/wideresnet-9b-submod-0-param-8.cdgp
1704727248772053008,1704727257624758811,500,http://172.169.8.253:31112/function/wideresnet-9b-submod-0-param-8.cdgp
1704727249185689577,1704727257486494181,500,http://172.169.8.253:31112/function/wideresnet-9b-submod-0-param-8.cdgp
1704727249963282949,1704727258382039490,500,http://172.169.8.253:31112/function/wideresnet-9b-submod-0-param-8.cdgp
1704727250730634751,1704727258376703550,500,http://172.169.8.253:31112/function/wideresnet-9b-submod-0-param-8.cdgp
1704727250787722795,1704727259615466643,500,http://172.169.8.253:31112/function/wideresnet-9b-submod-0-param-8.cdgp
1704727251011151355,1704727259891440747,500,http://172.169.8.253:31112/function/wideresnet-9b-submod-0-param-8.cdgp
1704727251926207634,1704727259278244035,500,http://172.169.8.253:31112/function/wideresnet-9b-submod-0-param-8.cdgp
1704727252339844701,1704727260883963544,500,http://172.169.8.253:31112/function/wideresnet-9b-submod-0-param-8.cdgp
1704727252891960526,1704727261577650260,500,http://172.169.8.253:31112/function/wideresnet-9b-submod-0-param-8.cdgp
1704727253091267584,1704727261583326737,200,http://172.169.8.253:31112/function/wideresnet-9b-submod-0-param-8.cdgp
1704727253358434635,1704727262204790208,500,http://172.169.8.253:31112/function/wideresnet-9b-submod-0-param-8.cdgp
1704727253431963695,1704727262304902145,500,http://172.169.8.253:31112/function/wideresnet-9b-submod-0-param-8.cdgp
1704727254198430108,1704727262951267625,500,http://172.169.8.253:31112/function/wideresnet-9b-submod-0-param-8.cdgp
1704727254943511673,1704727263846107089,500,http://172.169.8.253:31112/function/wideresnet-9b-submod-0-param-8.cdgp
1704727255379182695,1704727264246474952,500,http://172.169.8.253:31112/function/wideresnet-9b-submod-0-param-8.cdgp
1704727257563974764,1704727264935081678,500,http://172.169.8.253:31112/function/wideresnet-9b-submod-0-param-8.cdgp
1704727257850161608,1704727265534431551,500,http://172.169.8.253:31112/function/wideresnet-9b-submod-0-param-8.cdgp
1704727257870517161,1704727266990905574,500,http://172.169.8.253:31112/function/wideresnet-9b-submod-0-param-8.cdgp
1704727258710351034,1704727267519765104,500,http://172.169.8.253:31112/function/wideresnet-9b-submod-0-param-8.cdgp
1704727259485497924,1704727267676941087,500,http://172.169.8.253:31112/function/wideresnet-9b-submod-0-param-8.cdgp
1704727259822949419,1704727267677049229,500,http://172.169.8.253:31112/function/wideresnet-9b-submod-0-param-8.cdgp
1704727260844438182,1704727268327905838,500,http://172.169.8.253:31112/function/wideresnet-9b-submod-0-param-8.cdgp
1704727260908864253,1704727269820700996,500,http://172.169.8.253:31112/function/wideresnet-9b-submod-0-param-8.cdgp
1704727263385762385,1704727270585933936,500,http://172.169.8.253:31112/function/wideresnet-9b-submod-0-param-8.cdgp
1704727263991726787,1704727272825327647,500,http://172.169.8.253:31112/function/wideresnet-9b-submod-0-param-8.cdgp
1704727264724503041,1704727273537871841,500,http://172.169.8.253:31112/function/wideresnet-9b-submod-0-param-8.cdgp
1704727265919479102,1704727272200847181,500,http://172.169.8.253:31112/function/wideresnet-9b-submod-0-param-8.cdgp
1704727266828251040,1704727273640242221,500,http://172.169.8.253:31112/function/wideresnet-9b-submod-0-param-8.cdgp
1704727267012473251,1704727275928534079,500,http://172.169.8.253:31112/function/wideresnet-9b-submod-0-param-8.cdgp
1704727267870287879,1704727276745313193,500,http://172.169.8.253:31112/function/wideresnet-9b-submod-0-param-8.cdgp
1704727268112669370,1704727275400813396,500,http://172.169.8.253:31112/function/wideresnet-9b-submod-0-param-8.cdgp
1704727268611693094,1704727277435060647,500,http://172.169.8.253:31112/function/wideresnet-9b-submod-0-param-8.cdgp
1704727268722590990,1704727277587262027,500,http://172.169.8.253:31112/function/wideresnet-9b-submod-0-param-8.cdgp
1704727269850080883,1704727277076973771,500,http://172.169.8.253:31112/function/wideresnet-9b-submod-0-param-8.cdgp
1704727270109583180,1704727278907134711,500,http://172.169.8.253:31112/function/wideresnet-9b-submod-0-param-8.cdgp
1704727272304013594,1704727281109078086,500,http://172.169.8.253:31112/function/wideresnet-9b-submod-0-param-8.cdgp
1704727272902582072,1704727278561195849,500,http://172.169.8.253:31112/function/wideresnet-9b-submod-0-param-8.cdgp
1704727272942370598,1704727279661955201,500,http://172.169.8.253:31112/function/wideresnet-9b-submod-0-param-8.cdgp
1704727273512498011,1704727281283582628,200,http://172.169.8.253:31112/function/wideresnet-9b-submod-0-param-8.cdgp
1704727273867474585,1704727282847140259,500,http://172.169.8.253:31112/function/wideresnet-9b-submod-0-param-8.cdgp
1704727273952066659,1704727280442366238,200,http://172.169.8.253:31112/function/wideresnet-9b-submod-0-param-8.cdgp
1704727274512170324,1704727283337313977,500,http://172.169.8.253:31112/function/wideresnet-9b-submod-0-param-8.cdgp
1704727274942026749,1704727283836496458,500,http://172.169.8.253:31112/function/wideresnet-9b-submod-0-param-8.cdgp
1704727275166779444,1704727279921680353,200,http://172.169.8.253:31112/function/wideresnet-9b-submod-0-param-8.cdgp
1704727275201831385,1704727284065493327,500,http://172.169.8.253:31112/function/wideresnet-9b-submod-0-param-8.cdgp
1704727275362345553,1704727284204794499,500,http://172.169.8.253:31112/function/wideresnet-9b-submod-0-param-8.cdgp
1704727276320771804,1704727285122559287,500,http://172.169.8.253:31112/function/wideresnet-9b-submod-0-param-8.cdgp
1704727280012796005,1704727288950180707,500,http://172.169.8.253:31112/function/wideresnet-9b-submod-0-param-8.cdgp
1704727280481554403,1704727283579292394,200,http://172.169.8.253:31112/function/wideresnet-9b-submod-0-param-8.cdgp
1704727281020050429,1704727289849275695,500,http://172.169.8.253:31112/function/wideresnet-9b-submod-0-param-8.cdgp
1704727282051743585,1704727285510649624,200,http://172.169.8.253:31112/function/wideresnet-9b-submod-0-param-8.cdgp
1704727282193713998,1704727288762946879,200,http://172.169.8.253:31112/function/wideresnet-9b-submod-0-param-8.cdgp
1704727282293982674,1704727291139200614,500,http://172.169.8.253:31112/function/wideresnet-9b-submod-0-param-8.cdgp
1704727282880935170,1704727288800505075,200,http://172.169.8.253:31112/function/wideresnet-9b-submod-0-param-8.cdgp
1704727284766089482,1704727288766606861,200,http://172.169.8.253:31112/function/wideresnet-9b-submod-0-param-8.cdgp
1704727285906782548,1704727289217074067,200,http://172.169.8.253:31112/function/wideresnet-9b-submod-0-param-8.cdgp
1704727286248911308,1704727295125438812,500,http://172.169.8.253:31112/function/wideresnet-9b-submod-0-param-8.cdgp
1704727287127629358,1704727296051605632,500,http://172.169.8.253:31112/function/wideresnet-9b-submod-0-param-8.cdgp
1704727288774162225,1704727297655542552,500,http://172.169.8.253:31112/function/wideresnet-9b-submod-0-param-8.cdgp
1704727289196911352,1704727298076350093,500,http://172.169.8.253:31112/function/wideresnet-9b-submod-0-param-8.cdgp
1704727289571180511,1704727298380090986,500,http://172.169.8.253:31112/function/wideresnet-9b-submod-0-param-8.cdgp
1704727290275179813,1704727299139443074,500,http://172.169.8.253:31112/function/wideresnet-9b-submod-0-param-8.cdgp
1704727291867560964,1704727295762388593,200,http://172.169.8.253:31112/function/wideresnet-9b-submod-0-param-8.cdgp
1704727292488925282,1704727294807243602,200,http://172.169.8.253:31112/function/wideresnet-9b-submod-0-param-8.cdgp
1704727292901349548,1704727302267389290,500,http://172.169.8.253:31112/function/wideresnet-9b-submod-0-param-8.cdgp
1704727293176360802,1704727302046454053,500,http://172.169.8.253:31112/function/wideresnet-9b-submod-0-param-8.cdgp
1704727293376094893,1704727296222807139,200,http://172.169.8.253:31112/function/wideresnet-9b-submod-0-param-8.cdgp
1704727294250115539,1704727303145977023,500,http://172.169.8.253:31112/function/wideresnet-9b-submod-0-param-8.cdgp
1704727296076817158,1704727303948503532,200,http://172.169.8.253:31112/function/wideresnet-9b-submod-0-param-8.cdgp
1704727296216534555,1704727301181656063,200,http://172.169.8.253:31112/function/wideresnet-9b-submod-0-param-8.cdgp
1704727296266187991,1704727305250453295,500,http://172.169.8.253:31112/function/wideresnet-9b-submod-0-param-8.cdgp
1704727297150908357,1704727303460952343,500,http://172.169.8.253:31112/function/wideresnet-9b-submod-0-param-8.cdgp
1704727297243143192,1704727305297385576,500,http://172.169.8.253:31112/function/wideresnet-9b-submod-0-param-8.cdgp
1704727298626467159,1704727304761991198,500,http://172.169.8.253:31112/function/wideresnet-9b-submod-0-param-8.cdgp
1704727298973513010,1704727304758620770,500,http://172.169.8.253:31112/function/wideresnet-9b-submod-0-param-8.cdgp
1704727299081670109,1704727306338691640,500,http://172.169.8.253:31112/function/wideresnet-9b-submod-0-param-8.cdgp
1704727299485596545,1704727308365245150,500,http://172.169.8.253:31112/function/wideresnet-9b-submod-0-param-8.cdgp
1704727299584928841,1704727308398025345,500,http://172.169.8.253:31112/function/wideresnet-9b-submod-0-param-8.cdgp
1704727300099489443,1704727306611432558,200,http://172.169.8.253:31112/function/wideresnet-9b-submod-0-param-8.cdgp
1704727300191599730,1704727306781544177,200,http://172.169.8.253:31112/function/wideresnet-9b-submod-0-param-8.cdgp
1704727300786637275,1704727309617885786,500,http://172.169.8.253:31112/function/wideresnet-9b-submod-0-param-8.cdgp
1704727301020448971,1704727310003795283,500,http://172.169.8.253:31112/function/wideresnet-9b-submod-0-param-8.cdgp
1704727301066335666,1704727309035075636,500,http://172.169.8.253:31112/function/wideresnet-9b-submod-0-param-8.cdgp
1704727301665790407,1704727310546300676,500,http://172.169.8.253:31112/function/wideresnet-9b-submod-0-param-8.cdgp
1704727302946227193,1704727311869528357,500,http://172.169.8.253:31112/function/wideresnet-9b-submod-0-param-8.cdgp
1704727303079690241,1704727308126588658,200,http://172.169.8.253:31112/function/wideresnet-9b-submod-0-param-8.cdgp
1704727303627968269,1704727312437688218,500,http://172.169.8.253:31112/function/wideresnet-9b-submod-0-param-8.cdgp
1704727304170535879,1704727312020306309,500,http://172.169.8.253:31112/function/wideresnet-9b-submod-0-param-8.cdgp
1704727305621867936,1704727314536660938,500,http://172.169.8.253:31112/function/wideresnet-9b-submod-0-param-8.cdgp
1704727307359195758,1704727315977372540,500,http://172.169.8.253:31112/function/wideresnet-9b-submod-0-param-8.cdgp
1704727308492605986,1704727316794125215,500,http://172.169.8.253:31112/function/wideresnet-9b-submod-0-param-8.cdgp
1704727308680307989,1704727317510411694,500,http://172.169.8.253:31112/function/wideresnet-9b-submod-0-param-8.cdgp
1704727308752294103,1704727311917851987,200,http://172.169.8.253:31112/function/wideresnet-9b-submod-0-param-8.cdgp
1704727309356581104,1704727318268174585,500,http://172.169.8.253:31112/function/wideresnet-9b-submod-0-param-8.cdgp
1704727309737827027,1704727310911220545,200,http://172.169.8.253:31112/function/wideresnet-9b-submod-0-param-8.cdgp
1704727310917585438,1704727319771303496,500,http://172.169.8.253:31112/function/wideresnet-9b-submod-0-param-8.cdgp
1704727312811918835,1704727314590622073,200,http://172.169.8.253:31112/function/wideresnet-9b-submod-0-param-8.cdgp
1704727314194363882,1704727323073384197,500,http://172.169.8.253:31112/function/wideresnet-9b-submod-0-param-8.cdgp
1704727314420633726,1704727317121418843,200,http://172.169.8.253:31112/function/wideresnet-9b-submod-0-param-8.cdgp
1704727314435134098,1704727323345942154,500,http://172.169.8.253:31112/function/wideresnet-9b-submod-0-param-8.cdgp
1704727315257344713,1704727320215210737,200,http://172.169.8.253:31112/function/wideresnet-9b-submod-0-param-8.cdgp
1704727315427914701,1704727324343911842,500,http://172.169.8.253:31112/function/wideresnet-9b-submod-0-param-8.cdgp
1704727316074727426,1704727318312052155,200,http://172.169.8.253:31112/function/wideresnet-9b-submod-0-param-8.cdgp
1704727316628093579,1704727325449209881,500,http://172.169.8.253:31112/function/wideresnet-9b-submod-0-param-8.cdgp
1704727316704234908,1704727324338273206,200,http://172.169.8.253:31112/function/wideresnet-9b-submod-0-param-8.cdgp
1704727317438277363,1704727326345782204,500,http://172.169.8.253:31112/function/wideresnet-9b-submod-0-param-8.cdgp
1704727319156859876,1704727324340320688,200,http://172.169.8.253:31112/function/wideresnet-9b-submod-0-param-8.cdgp
1704727319767179911,1704727328647549746,500,http://172.169.8.253:31112/function/wideresnet-9b-submod-0-param-8.cdgp
1704727320677592921,1704727326506122381,200,http://172.169.8.253:31112/function/wideresnet-9b-submod-0-param-8.cdgp
1704727321224643494,1704727323724705118,200,http://172.169.8.253:31112/function/wideresnet-9b-submod-0-param-8.cdgp
1704727321727654726,1704727323755555933,200,http://172.169.8.253:31112/function/wideresnet-9b-submod-0-param-8.cdgp
1704727322188711388,1704727328825122540,200,http://172.169.8.253:31112/function/wideresnet-9b-submod-0-param-8.cdgp
1704727322973913239,1704727331807483031,500,http://172.169.8.253:31112/function/wideresnet-9b-submod-0-param-8.cdgp
1704727323602633893,1704727332481148647,500,http://172.169.8.253:31112/function/wideresnet-9b-submod-0-param-8.cdgp
1704727324718475436,1704727330593033774,200,http://172.169.8.253:31112/function/wideresnet-9b-submod-0-param-8.cdgp
1704727324903148613,1704727324907492941,500,http://172.169.8.253:31112/function/wideresnet-9b-submod-0-param-8.cdgp
1704727325342084725,1704727327877562293,200,http://172.169.8.253:31112/function/wideresnet-9b-submod-0-param-8.cdgp
1704727329402566955,1704727338279887642,500,http://172.169.8.253:31112/function/wideresnet-9b-submod-0-param-8.cdgp
1704727330096965916,1704727334554226366,200,http://172.169.8.253:31112/function/wideresnet-9b-submod-0-param-8.cdgp
1704727330123267691,1704727334606359744,200,http://172.169.8.253:31112/function/wideresnet-9b-submod-0-param-8.cdgp
1704727331112806093,1704727334288766690,200,http://172.169.8.253:31112/function/wideresnet-9b-submod-0-param-8.cdgp
1704727331750016382,1704727333794389570,200,http://172.169.8.253:31112/function/wideresnet-9b-submod-0-param-8.cdgp
1704727332033031833,1704727335561432751,200,http://172.169.8.253:31112/function/wideresnet-9b-submod-0-param-8.cdgp
1704727333628491026,1704727342562773001,500,http://172.169.8.253:31112/function/wideresnet-9b-submod-0-param-8.cdgp
1704727333911772875,1704727342790175039,500,http://172.169.8.253:31112/function/wideresnet-9b-submod-0-param-8.cdgp
1704727334350037837,1704727343245318931,500,http://172.169.8.253:31112/function/wideresnet-9b-submod-0-param-8.cdgp
1704727334738159943,1704727337403954155,200,http://172.169.8.253:31112/function/wideresnet-9b-submod-0-param-8.cdgp
1704727335368917959,1704727344207730888,500,http://172.169.8.253:31112/function/wideresnet-9b-submod-0-param-8.cdgp
1704727335471023101,1704727339033764111,200,http://172.169.8.253:31112/function/wideresnet-9b-submod-0-param-8.cdgp
1704727336022750686,1704727338975705004,200,http://172.169.8.253:31112/function/wideresnet-9b-submod-0-param-8.cdgp
1704727336426271321,1704727345223184633,500,http://172.169.8.253:31112/function/wideresnet-9b-submod-0-param-8.cdgp
1704727339072225690,1704727347904879656,500,http://172.169.8.253:31112/function/wideresnet-9b-submod-0-param-8.cdgp
1704727339506495874,1704727343115286344,200,http://172.169.8.253:31112/function/wideresnet-9b-submod-0-param-8.cdgp
1704727339872839920,1704727343111217989,200,http://172.169.8.253:31112/function/wideresnet-9b-submod-0-param-8.cdgp
1704727340134234367,1704727343485887976,200,http://172.169.8.253:31112/function/wideresnet-9b-submod-0-param-8.cdgp
1704727340206626466,1704727349291095580,500,http://172.169.8.253:31112/function/wideresnet-9b-submod-0-param-8.cdgp
1704727340813929858,1704727349697596205,500,http://172.169.8.253:31112/function/wideresnet-9b-submod-0-param-8.cdgp
1704727341460105005,1704727345278405591,200,http://172.169.8.253:31112/function/wideresnet-9b-submod-0-param-8.cdgp
1704727341460742209,1704727343110549277,200,http://172.169.8.253:31112/function/wideresnet-9b-submod-0-param-8.cdgp
1704727341929845202,1704727345274987650,200,http://172.169.8.253:31112/function/wideresnet-9b-submod-0-param-8.cdgp
1704727342894383184,1704727351771154907,500,http://172.169.8.253:31112/function/wideresnet-9b-submod-0-param-8.cdgp
1704727344005761062,1704727345275804923,200,http://172.169.8.253:31112/function/wideresnet-9b-submod-0-param-8.cdgp
1704727344706466173,1704727347397440520,200,http://172.169.8.253:31112/function/wideresnet-9b-submod-0-param-8.cdgp
1704727344954708430,1704727353846555897,500,http://172.169.8.253:31112/function/wideresnet-9b-submod-0-param-8.cdgp
1704727346124260263,1704727355046647177,500,http://172.169.8.253:31112/function/wideresnet-9b-submod-0-param-8.cdgp
1704727346427815088,1704727348280209827,200,http://172.169.8.253:31112/function/wideresnet-9b-submod-0-param-8.cdgp
1704727346548592021,1704727355446233875,500,http://172.169.8.253:31112/function/wideresnet-9b-submod-0-param-8.cdgp
1704727346806709929,1704727349376425061,200,http://172.169.8.253:31112/function/wideresnet-9b-submod-0-param-8.cdgp
1704727346972966620,1704727351577504819,200,http://172.169.8.253:31112/function/wideresnet-9b-submod-0-param-8.cdgp
1704727347123869986,1704727349607767743,200,http://172.169.8.253:31112/function/wideresnet-9b-submod-0-param-8.cdgp
1704727348633941784,1704727350891015901,200,http://172.169.8.253:31112/function/wideresnet-9b-submod-0-param-8.cdgp
1704727349116061715,1704727358048627742,500,http://172.169.8.253:31112/function/wideresnet-9b-submod-0-param-8.cdgp
1704727349386104570,1704727358370436008,500,http://172.169.8.253:31112/function/wideresnet-9b-submod-0-param-8.cdgp
1704727349498041988,1704727358382548667,500,http://172.169.8.253:31112/function/wideresnet-9b-submod-0-param-8.cdgp
1704727349687987185,1704727358484700237,500,http://172.169.8.253:31112/function/wideresnet-9b-submod-0-param-8.cdgp
1704727349724865010,1704727351624464522,200,http://172.169.8.253:31112/function/wideresnet-9b-submod-0-param-8.cdgp
1704727349793028548,1704727358623172655,500,http://172.169.8.253:31112/function/wideresnet-9b-submod-0-param-8.cdgp
1704727350843174292,1704727359765340312,500,http://172.169.8.253:31112/function/wideresnet-9b-submod-0-param-8.cdgp
1704727350956319985,1704727353186289265,200,http://172.169.8.253:31112/function/wideresnet-9b-submod-0-param-8.cdgp
1704727351494476527,1704727353358815149,200,http://172.169.8.253:31112/function/wideresnet-9b-submod-0-param-8.cdgp
1704727353998073737,1704727356712142544,200,http://172.169.8.253:31112/function/wideresnet-9b-submod-0-param-8.cdgp
1704727355115529127,1704727364004670362,500,http://172.169.8.253:31112/function/wideresnet-9b-submod-0-param-8.cdgp
1704727355250311002,1704727357216567183,200,http://172.169.8.253:31112/function/wideresnet-9b-submod-0-param-8.cdgp
1704727358138664677,1704727360176536197,200,http://172.169.8.253:31112/function/wideresnet-9b-submod-0-param-8.cdgp
1704727359560543709,1704727361012854209,200,http://172.169.8.253:31112/function/wideresnet-9b-submod-0-param-8.cdgp
1704727360272052292,1704727361998168729,200,http://172.169.8.253:31112/function/wideresnet-9b-submod-0-param-8.cdgp
1704727360291479607,1704727369299770816,500,http://172.169.8.253:31112/function/wideresnet-9b-submod-0-param-8.cdgp
1704727360952018380,1704727362435580689,200,http://172.169.8.253:31112/function/wideresnet-9b-submod-0-param-8.cdgp
1704727361848399686,1704727370745220768,500,http://172.169.8.253:31112/function/wideresnet-9b-submod-0-param-8.cdgp
1704727362672563120,1704727371506662560,500,http://172.169.8.253:31112/function/wideresnet-9b-submod-0-param-8.cdgp
1704727362841942176,1704727364812161760,200,http://172.169.8.253:31112/function/wideresnet-9b-submod-0-param-8.cdgp
1704727365948917122,1704727369376038370,200,http://172.169.8.253:31112/function/wideresnet-9b-submod-0-param-8.cdgp
1704727366430110784,1704727375305233244,500,http://172.169.8.253:31112/function/wideresnet-9b-submod-0-param-8.cdgp
1704727366847974663,1704727371819119689,200,http://172.169.8.253:31112/function/wideresnet-9b-submod-0-param-8.cdgp
1704727367604259135,1704727371822570867,200,http://172.169.8.253:31112/function/wideresnet-9b-submod-0-param-8.cdgp
1704727368777148228,1704727371822519722,200,http://172.169.8.253:31112/function/wideresnet-9b-submod-0-param-8.cdgp
1704727369136211183,1704727375358126993,200,http://172.169.8.253:31112/function/wideresnet-9b-submod-0-param-8.cdgp
1704727369186806014,1704727372893192202,200,http://172.169.8.253:31112/function/wideresnet-9b-submod-0-param-8.cdgp
1704727369297845540,1704727375356944273,200,http://172.169.8.253:31112/function/wideresnet-9b-submod-0-param-8.cdgp
1704727369426391373,1704727376927252793,200,http://172.169.8.253:31112/function/wideresnet-9b-submod-0-param-8.cdgp
1704727369992977613,1704727378790998511,500,http://172.169.8.253:31112/function/wideresnet-9b-submod-0-param-8.cdgp
1704727370317409811,1704727379204010939,500,http://172.169.8.253:31112/function/wideresnet-9b-submod-0-param-8.cdgp
1704727370472943799,1704727376103063826,200,http://172.169.8.253:31112/function/wideresnet-9b-submod-0-param-8.cdgp
1704727370482667386,1704727379310546028,500,http://172.169.8.253:31112/function/wideresnet-9b-submod-0-param-8.cdgp
1704727371151041344,1704727379956883734,500,http://172.169.8.253:31112/function/wideresnet-9b-submod-0-param-8.cdgp
1704727371379357971,1704727376201306224,200,http://172.169.8.253:31112/function/wideresnet-9b-submod-0-param-8.cdgp
1704727371690677070,1704727380519419314,500,http://172.169.8.253:31112/function/wideresnet-9b-submod-0-param-8.cdgp
1704727372770651292,1704727376517892816,200,http://172.169.8.253:31112/function/wideresnet-9b-submod-0-param-8.cdgp
1704727375439299516,1704727384345083793,500,http://172.169.8.253:31112/function/wideresnet-9b-submod-0-param-8.cdgp
1704727376623876417,1704727385530918149,500,http://172.169.8.253:31112/function/wideresnet-9b-submod-0-param-8.cdgp
1704727379037698181,1704727381476188917,200,http://172.169.8.253:31112/function/wideresnet-9b-submod-0-param-8.cdgp
1704727380214687556,1704727389092849486,500,http://172.169.8.253:31112/function/wideresnet-9b-submod-0-param-8.cdgp
1704727380809534819,1704727383684918794,200,http://172.169.8.253:31112/function/wideresnet-9b-submod-0-param-8.cdgp
1704727381386828987,1704727390248025597,500,http://172.169.8.253:31112/function/wideresnet-9b-submod-0-param-8.cdgp
1704727382035805926,1704727390889934628,500,http://172.169.8.253:31112/function/wideresnet-9b-submod-0-param-8.cdgp
1704727382229525752,1704727384880575410,200,http://172.169.8.253:31112/function/wideresnet-9b-submod-0-param-8.cdgp
1704727384176280899,1704727386511217288,200,http://172.169.8.253:31112/function/wideresnet-9b-submod-0-param-8.cdgp
1704727384786255234,1704727393605559798,500,http://172.169.8.253:31112/function/wideresnet-9b-submod-0-param-8.cdgp
1704727385206262532,1704727394133165036,500,http://172.169.8.253:31112/function/wideresnet-9b-submod-0-param-8.cdgp
1704727386129738438,1704727395096910958,500,http://172.169.8.253:31112/function/wideresnet-9b-submod-0-param-8.cdgp
1704727386546848672,1704727395447518118,500,http://172.169.8.253:31112/function/wideresnet-9b-submod-0-param-8.cdgp
1704727386812837971,1704727391477830436,200,http://172.169.8.253:31112/function/wideresnet-9b-submod-0-param-8.cdgp
1704727386813719389,1704727391478734942,200,http://172.169.8.253:31112/function/wideresnet-9b-submod-0-param-8.cdgp
1704727387208199377,1704727396013079894,500,http://172.169.8.253:31112/function/wideresnet-9b-submod-0-param-8.cdgp
1704727387996586396,1704727393656020815,200,http://172.169.8.253:31112/function/wideresnet-9b-submod-0-param-8.cdgp
1704727388078540669,1704727396929757752,500,http://172.169.8.253:31112/function/wideresnet-9b-submod-0-param-8.cdgp
1704727388287449548,1704727391481219072,200,http://172.169.8.253:31112/function/wideresnet-9b-submod-0-param-8.cdgp
1704727389095049700,1704727397951071955,500,http://172.169.8.253:31112/function/wideresnet-9b-submod-0-param-8.cdgp
1704727389452091466,1704727392378909070,200,http://172.169.8.253:31112/function/wideresnet-9b-submod-0-param-8.cdgp
1704727389729636259,1704727398645143123,500,http://172.169.8.253:31112/function/wideresnet-9b-submod-0-param-8.cdgp
1704727391076187005,1704727393132763195,200,http://172.169.8.253:31112/function/wideresnet-9b-submod-0-param-8.cdgp
1704727391441808930,1704727400276939099,500,http://172.169.8.253:31112/function/wideresnet-9b-submod-0-param-8.cdgp
1704727391750632635,1704727393710629837,200,http://172.169.8.253:31112/function/wideresnet-9b-submod-0-param-8.cdgp
1704727391751152624,1704727400646137357,500,http://172.169.8.253:31112/function/wideresnet-9b-submod-0-param-8.cdgp
1704727392378107504,1704727394779173737,200,http://172.169.8.253:31112/function/wideresnet-9b-submod-0-param-8.cdgp
1704727393482328791,1704727402345131284,500,http://172.169.8.253:31112/function/wideresnet-9b-submod-0-param-8.cdgp
1704727394372662067,1704727396479519917,200,http://172.169.8.253:31112/function/wideresnet-9b-submod-0-param-8.cdgp
1704727394610001829,1704727399795986372,200,http://172.169.8.253:31112/function/wideresnet-9b-submod-0-param-8.cdgp
1704727394923750657,1704727403850366654,500,http://172.169.8.253:31112/function/wideresnet-9b-submod-0-param-8.cdgp
1704727395023845178,1704727404070426740,500,http://172.169.8.253:31112/function/wideresnet-9b-submod-0-param-8.cdgp
1704727395089880348,1704727398404785305,200,http://172.169.8.253:31112/function/wideresnet-9b-submod-0-param-8.cdgp
1704727395579528153,1704727401062302726,200,http://172.169.8.253:31112/function/wideresnet-9b-submod-0-param-8.cdgp
1704727395672975100,1704727401622187007,200,http://172.169.8.253:31112/function/wideresnet-9b-submod-0-param-8.cdgp
1704727397059854962,1704727401600845833,200,http://172.169.8.253:31112/function/wideresnet-9b-submod-0-param-8.cdgp
1704727397233528635,1704727406148172190,500,http://172.169.8.253:31112/function/wideresnet-9b-submod-0-param-8.cdgp
1704727397663914664,1704727406529715668,500,http://172.169.8.253:31112/function/wideresnet-9b-submod-0-param-8.cdgp
1704727398362864458,1704727401813899145,200,http://172.169.8.253:31112/function/wideresnet-9b-submod-0-param-8.cdgp
1704727398389633001,1704727407162717988,500,http://172.169.8.253:31112/function/wideresnet-9b-submod-0-param-8.cdgp
1704727399804495169,1704727407162277624,500,http://172.169.8.253:31112/function/wideresnet-9b-submod-0-param-8.cdgp
