model_name,graph_id,oap_method,oap_params,device_type,cores,batch_size,load_time,exec_time,warmup_time,input_size
bert-21b,0,TIME_OAP,8,cpu,16,1,4.8673415184021,1.0883359909057617,5.015516042709351,2304
bert-21b,1,TIME_OAP,8,cpu,16,1,6.2422730922698975,1.3904531002044678,2.75382924079895,1048832
bert-21b,2,TIME_OAP,8,cpu,16,1,6.349645137786865,0.9020469188690186,3.389129400253296,1048832
bert-21b,3,TIME_OAP,8,cpu,16,1,6.037976980209351,0.8343396186828613,3.109483003616333,1048832
bert-21b,4,TIME_OAP,8,cpu,16,1,6.167654752731323,1.3065381050109863,2.999541997909546,1048832
bert-21b,5,TIME_OAP,8,cpu,16,1,6.493303060531616,0.9834282398223877,3.5290720462799072,1048832
bert-21b,6,TIME_OAP,8,cpu,16,1,13.159270763397217,0.8310248851776123,3.8692266941070557,1048832
bert-21b,7,TIME_OAP,8,cpu,16,1,16.32831048965454,0.7606236934661865,3.6580400466918945,1048832
bert-21b,0,TIME_OAP,8,cuda,1,1,10.78493595123291,0.012380361557006836,0.12675881385803223,2304
bert-21b,1,TIME_OAP,8,cuda,1,1,11.023987531661987,0.017026185989379883,0.45214033126831055,1048832
bert-21b,2,TIME_OAP,8,cuda,1,1,10.819928884506226,0.014265060424804688,0.4729945659637451,1048832
bert-21b,3,TIME_OAP,8,cuda,1,1,10.810670375823975,0.013204574584960938,0.00060272216796875,1048832
bert-21b,4,TIME_OAP,8,cuda,1,1,10.639700174331665,0.013519048690795898,0.5035655498504639,1048832
bert-21b,5,TIME_OAP,8,cuda,1,1,11.05491304397583,0.013267278671264648,0.0013458728790283203,1048832
bert-21b,6,TIME_OAP,8,cuda,1,1,11.893695831298828,0.01387333869934082,0.00046372413635253906,1048832
bert-21b,7,TIME_OAP,8,cuda,1,1,11.301574945449829,0.013526678085327148,0.0005140304565429688,1048832
bert-21b,0,ME_OAP,10.0-21,cpu,16,1,1.7304511070251465,0.21433138847351074,1.1389374732971191,2304
bert-21b,1,ME_OAP,10.0-21,cpu,16,1,1.523728609085083,0.21326422691345215,1.0760676860809326,1048832
bert-21b,2,ME_OAP,10.0-21,cpu,16,1,2.7326278686523438,0.3710823059082031,1.8013134002685547,1048832
bert-21b,3,ME_OAP,10.0-21,cpu,16,1,2.7636947631835938,0.41613292694091797,1.8355345726013184,1048832
bert-21b,4,ME_OAP,10.0-21,cpu,16,1,2.381371021270752,0.3018360137939453,1.303262710571289,1048832
bert-21b,5,ME_OAP,10.0-21,cpu,16,1,2.637939453125,0.3306849002838135,1.4031968116760254,1048832
bert-21b,6,ME_OAP,10.0-21,cpu,16,1,6.615110158920288,0.30925631523132324,1.5199484825134277,1048832
bert-21b,7,ME_OAP,10.0-21,cpu,16,1,6.153515100479126,0.2729668617248535,1.261009931564331,1048832
bert-21b,8,ME_OAP,10.0-21,cpu,16,1,5.990019798278809,0.2893490791320801,1.456528902053833,1048832
bert-21b,9,ME_OAP,10.0-21,cpu,16,1,7.236260414123535,0.309326171875,1.5423789024353027,1048832
bert-21b,10,ME_OAP,10.0-21,cpu,16,1,5.7878241539001465,0.2709329128265381,1.1794087886810303,1048832
bert-21b,11,ME_OAP,10.0-21,cpu,16,1,6.360553503036499,0.29846739768981934,1.3945703506469727,1048832
bert-21b,12,ME_OAP,10.0-21,cpu,16,1,6.783222198486328,0.39327001571655273,1.437359094619751,1048832
bert-21b,13,ME_OAP,10.0-21,cpu,16,1,5.848194122314453,0.2758655548095703,1.3684310913085938,1048832
bert-21b,14,ME_OAP,10.0-21,cpu,16,1,5.7624006271362305,0.3022959232330322,1.4578044414520264,1048832
bert-21b,15,ME_OAP,10.0-21,cpu,16,1,8.355745315551758,0.29636716842651367,1.2851524353027344,1048832
bert-21b,16,ME_OAP,10.0-21,cpu,16,1,5.613171100616455,0.3613157272338867,0.9591171741485596,1048832
bert-21b,17,ME_OAP,10.0-21,cpu,16,1,8.455686092376709,0.2809715270996094,1.0799751281738281,1048832
bert-21b,18,ME_OAP,10.0-21,cpu,16,1,7.2148590087890625,0.2965383529663086,1.1496939659118652,1048832
bert-21b,19,ME_OAP,10.0-21,cpu,16,1,8.022805213928223,0.27169013023376465,1.0641555786132812,1048832
bert-21b,20,ME_OAP,10.0-21,cpu,16,1,8.239855289459229,0.3718569278717041,1.2538280487060547,1048832
bert-21b,0,ME_OAP,10.0-21,cuda,1,1,3.494136333465576,0.003091096878051758,0.0010530948638916016,2304
bert-21b,1,ME_OAP,10.0-21,cuda,1,1,1.9889004230499268,0.0039844512939453125,0.4684157371520996,1048832
bert-21b,2,ME_OAP,10.0-21,cuda,1,1,4.24124550819397,0.005336761474609375,0.007540464401245117,1048832
bert-21b,3,ME_OAP,10.0-21,cuda,1,1,4.1948935985565186,0.005624055862426758,0.0005235671997070312,1048832
bert-21b,4,ME_OAP,10.0-21,cuda,1,1,3.4450533390045166,0.004969596862792969,0.0013322830200195312,1048832
bert-21b,5,ME_OAP,10.0-21,cuda,1,1,4.1227707862854,0.0054683685302734375,0.002112865447998047,1048832
bert-21b,6,ME_OAP,10.0-21,cuda,1,1,3.6013786792755127,0.005605459213256836,0.0024313926696777344,1048832
bert-21b,7,ME_OAP,10.0-21,cuda,1,1,3.4517405033111572,0.004969120025634766,0.0008094310760498047,1048832
bert-21b,8,ME_OAP,10.0-21,cuda,1,1,3.463529109954834,0.005325794219970703,0.0015616416931152344,1048832
bert-21b,9,ME_OAP,10.0-21,cuda,1,1,4.072174549102783,0.005607128143310547,0.0011444091796875,1048832
bert-21b,10,ME_OAP,10.0-21,cuda,1,1,3.4127862453460693,0.0051190853118896484,0.0012159347534179688,1048832
bert-21b,11,ME_OAP,10.0-21,cuda,1,1,3.5463693141937256,0.005314350128173828,0.0015308856964111328,1048832
bert-21b,12,ME_OAP,10.0-21,cuda,1,1,4.070322513580322,0.005602598190307617,0.0004508495330810547,1048832
bert-21b,13,ME_OAP,10.0-21,cuda,1,1,3.3625364303588867,0.004959821701049805,0.0007014274597167969,1048832
bert-21b,14,ME_OAP,10.0-21,cuda,1,1,3.451730966567993,0.005321502685546875,0.002869844436645508,1048832
bert-21b,15,ME_OAP,10.0-21,cuda,1,1,3.499368667602539,0.005601406097412109,0.0017135143280029297,1048832
bert-21b,16,ME_OAP,10.0-21,cuda,1,1,3.399517059326172,0.005060434341430664,0.0006797313690185547,1048832
bert-21b,17,ME_OAP,10.0-21,cuda,1,1,3.5114834308624268,0.005332231521606445,0.0016710758209228516,1048832
bert-21b,18,ME_OAP,10.0-21,cuda,1,1,3.9562416076660156,0.005593299865722656,0.0004336833953857422,1048832
bert-21b,19,ME_OAP,10.0-21,cuda,1,1,3.308706521987915,0.0049664974212646484,0.0006372928619384766,1048832
bert-21b,20,ME_OAP,10.0-21,cuda,1,1,4.238476276397705,0.00601506233215332,0.0006887912750244141,1048832
bert-21b,0,ME_OAP,10.0-10,cpu,16,1,14.35695219039917,0.5810091495513916,2.61403751373291,2304
bert-21b,1,ME_OAP,10.0-10,cpu,16,1,11.722168445587158,0.6239349842071533,2.8456854820251465,1048832
bert-21b,2,ME_OAP,10.0-10,cpu,16,1,11.742010593414307,0.804332971572876,2.674453020095825,1048832
bert-21b,3,ME_OAP,10.0-10,cpu,16,1,11.861254453659058,0.61663818359375,2.486300230026245,1048832
bert-21b,4,ME_OAP,10.0-10,cpu,16,1,12.074297666549683,1.0853943824768066,2.16072678565979,1048832
bert-21b,5,ME_OAP,10.0-10,cpu,16,1,12.12236762046814,0.632814884185791,2.51823091506958,1048832
bert-21b,6,ME_OAP,10.0-10,cpu,16,1,11.357144594192505,0.6628110408782959,2.7393527030944824,1048832
bert-21b,7,ME_OAP,10.0-10,cpu,16,1,12.662802457809448,0.8301737308502197,2.7451210021972656,1048832
bert-21b,8,ME_OAP,10.0-10,cpu,16,1,12.487342596054077,1.0219409465789795,2.781341791152954,1048832
bert-21b,9,ME_OAP,10.0-10,cpu,16,1,11.178924083709717,0.705129861831665,2.521623373031616,1048832
bert-21b,0,ME_OAP,10.0-10,cuda,1,1,8.86398720741272,0.010063648223876953,0.002792835235595703,2304
bert-21b,1,ME_OAP,10.0-10,cuda,1,1,8.337784051895142,0.010889053344726562,0.0010251998901367188,1048832
bert-21b,2,ME_OAP,10.0-10,cuda,1,1,8.534549474716187,0.010833740234375,0.0017910003662109375,1048832
bert-21b,3,ME_OAP,10.0-10,cuda,1,1,7.29780650138855,0.014084577560424805,0.0015511512756347656,1048832
bert-21b,4,ME_OAP,10.0-10,cuda,1,1,7.380157947540283,0.010864734649658203,0.0007636547088623047,1048832
bert-21b,5,ME_OAP,10.0-10,cuda,1,1,7.52820348739624,0.010881900787353516,0.0009591579437255859,1048832
bert-21b,6,ME_OAP,10.0-10,cuda,1,1,7.075227975845337,0.01055908203125,0.49256443977355957,1048832
bert-21b,7,ME_OAP,10.0-10,cuda,1,1,7.032918930053711,0.010899782180786133,0.45564889907836914,1048832
bert-21b,8,ME_OAP,10.0-10,cuda,1,1,6.706930637359619,0.010857820510864258,0.0013420581817626953,1048832
bert-21b,9,ME_OAP,10.0-10,cuda,1,1,6.869034290313721,0.01282644271850586,0.5323896408081055,1048832
bert-21b,0,LATENCY_OAP,10.0-10,cpu,16,1,19.57588791847229,0.620551347732544,2.6483287811279297,2304
bert-21b,1,LATENCY_OAP,10.0-10,cpu,16,1,17.422632455825806,0.5637409687042236,2.0387232303619385,1048832
bert-21b,2,LATENCY_OAP,10.0-10,cpu,16,1,18.024439334869385,0.6117343902587891,2.223106622695923,1048832
bert-21b,3,LATENCY_OAP,10.0-10,cpu,16,1,13.6861732006073,0.5763497352600098,2.25689959526062,1048832
bert-21b,4,LATENCY_OAP,10.0-10,cpu,16,1,5.600785970687866,0.5866525173187256,2.2023191452026367,1048832
bert-21b,5,LATENCY_OAP,10.0-10,cpu,16,1,4.98655104637146,0.7782292366027832,1.9766294956207275,1048832
bert-21b,6,LATENCY_OAP,10.0-10,cpu,16,1,5.520910024642944,0.6073911190032959,2.5051023960113525,1048832
bert-21b,7,LATENCY_OAP,10.0-10,cpu,16,1,5.2727601528167725,0.6155030727386475,2.549771785736084,1048832
bert-21b,8,LATENCY_OAP,10.0-10,cpu,16,1,5.491647720336914,0.6408441066741943,2.5853350162506104,1048832
bert-21b,9,LATENCY_OAP,10.0-10,cpu,16,1,5.484720706939697,1.0710046291351318,2.084782361984253,1048832
bert-21b,0,LATENCY_OAP,10.0-10,cuda,1,1,8.929259061813354,0.01111912727355957,0.37467098236083984,2304
bert-21b,1,LATENCY_OAP,10.0-10,cuda,1,1,8.571964502334595,0.010279178619384766,0.0020186901092529297,1048832
bert-21b,2,LATENCY_OAP,10.0-10,cuda,1,1,8.060014724731445,0.010488271713256836,0.5546057224273682,1048832
bert-21b,3,LATENCY_OAP,10.0-10,cuda,1,1,7.7882771492004395,0.010859966278076172,0.0012645721435546875,1048832
bert-21b,4,LATENCY_OAP,10.0-10,cuda,1,1,7.473503828048706,0.010889530181884766,0.46837449073791504,1048832
bert-21b,5,LATENCY_OAP,10.0-10,cuda,1,1,6.860107660293579,0.010248899459838867,0.0012497901916503906,1048832
bert-21b,6,LATENCY_OAP,10.0-10,cuda,1,1,7.553082227706909,0.01096200942993164,0.0006337165832519531,1048832
bert-21b,7,LATENCY_OAP,10.0-10,cuda,1,1,7.565088510513306,0.01051783561706543,0.0018651485443115234,1048832
bert-21b,8,LATENCY_OAP,10.0-10,cuda,1,1,7.477156639099121,0.010871410369873047,0.001207590103149414,1048832
bert-21b,9,LATENCY_OAP,10.0-10,cuda,1,1,7.498088598251343,0.01092386245727539,0.0006201267242431641,1048832
bert-21b,0,LATENCY_OAP,10.0-41,cpu,16,1,6.226578712463379,0.19027304649353027,0.966782808303833,2304
bert-21b,1,LATENCY_OAP,10.0-41,cpu,16,1,3.918043613433838,0.14885759353637695,0.71683669090271,1048832
bert-21b,2,LATENCY_OAP,10.0-41,cpu,16,1,5.1423020362854,0.20077967643737793,0.8987302780151367,1048832
bert-21b,3,LATENCY_OAP,10.0-41,cpu,16,1,5.090826988220215,0.19111108779907227,0.8913838863372803,1048832
bert-21b,4,LATENCY_OAP,10.0-41,cpu,16,1,4.505561828613281,0.1732490062713623,0.8422913551330566,1048832
bert-21b,5,LATENCY_OAP,10.0-41,cpu,16,1,5.14715051651001,0.22360992431640625,0.8752145767211914,1048832
bert-21b,6,LATENCY_OAP,10.0-41,cpu,16,1,5.0382981300354,0.18036365509033203,0.822256326675415,1048832
bert-21b,7,LATENCY_OAP,10.0-41,cpu,16,1,4.072425127029419,0.14296197891235352,0.6633617877960205,1048832
bert-21b,8,LATENCY_OAP,10.0-41,cpu,16,1,4.597320795059204,0.17846226692199707,0.724801778793335,1048832
bert-21b,9,LATENCY_OAP,10.0-41,cpu,16,1,5.122776031494141,0.21047759056091309,0.7728884220123291,1048832
bert-21b,10,LATENCY_OAP,10.0-41,cpu,16,1,3.9804699420928955,0.15219974517822266,0.654926061630249,1048832
bert-21b,11,LATENCY_OAP,10.0-41,cpu,16,1,5.105129718780518,0.17647027969360352,0.8080894947052002,1048832
bert-21b,12,LATENCY_OAP,10.0-41,cpu,16,1,4.496542692184448,0.14222455024719238,0.653963565826416,1048832
bert-21b,13,LATENCY_OAP,10.0-41,cpu,16,1,5.146695375442505,0.16670513153076172,0.6727559566497803,1048832
bert-21b,14,LATENCY_OAP,10.0-41,cpu,16,1,5.088524341583252,0.16400980949401855,0.6646687984466553,1048832
bert-21b,15,LATENCY_OAP,10.0-41,cpu,16,1,4.038761615753174,0.12859177589416504,0.5230400562286377,1048832
bert-21b,16,LATENCY_OAP,10.0-41,cpu,16,1,4.504775524139404,0.1490790843963623,0.5467665195465088,1048832
bert-21b,17,LATENCY_OAP,10.0-41,cpu,16,1,3.9804720878601074,0.13659405708312988,0.4988119602203369,1048832
bert-21b,18,LATENCY_OAP,10.0-41,cpu,16,1,4.5553364753723145,0.15232324600219727,0.5621709823608398,1048832
bert-21b,19,LATENCY_OAP,10.0-41,cpu,16,1,5.08845853805542,0.1690669059753418,0.6512608528137207,1048832
bert-21b,20,LATENCY_OAP,10.0-41,cpu,16,1,3.9882736206054688,0.14815187454223633,0.47849035263061523,1048832
bert-21b,21,LATENCY_OAP,10.0-41,cpu,16,1,4.555308103561401,0.13129782676696777,0.5623292922973633,1048832
bert-21b,22,LATENCY_OAP,10.0-41,cpu,16,1,5.1302855014801025,0.15699338912963867,0.6199276447296143,1048832
bert-21b,23,LATENCY_OAP,10.0-41,cpu,16,1,3.9547815322875977,0.13087821006774902,0.47942161560058594,1048832
bert-21b,24,LATENCY_OAP,10.0-41,cpu,16,1,4.496979236602783,0.14950799942016602,0.565150260925293,1048832
bert-21b,25,LATENCY_OAP,10.0-41,cpu,16,1,3.9805963039398193,0.1287682056427002,0.5028455257415771,1048832
bert-21b,26,LATENCY_OAP,10.0-41,cpu,16,1,4.500284671783447,0.14200735092163086,0.5824282169342041,1048832
bert-21b,27,LATENCY_OAP,10.0-41,cpu,16,1,3.9436252117156982,0.13318181037902832,0.5011560916900635,1048832
bert-21b,28,LATENCY_OAP,10.0-41,cpu,16,1,4.551928758621216,0.19438457489013672,0.5048351287841797,1048832
bert-21b,29,LATENCY_OAP,10.0-41,cpu,16,1,3.9664828777313232,0.12590718269348145,0.524115800857544,1048832
bert-21b,30,LATENCY_OAP,10.0-41,cpu,16,1,4.284954786300659,0.13250422477722168,0.5623924732208252,1048832
bert-21b,31,LATENCY_OAP,10.0-41,cpu,16,1,1.3248605728149414,0.1126258373260498,0.5368127822875977,1048832
bert-21b,32,LATENCY_OAP,10.0-41,cpu,16,1,1.4603521823883057,0.13797664642333984,0.5557489395141602,1048832
bert-21b,33,LATENCY_OAP,10.0-41,cpu,16,1,1.2265644073486328,0.12223386764526367,0.5027811527252197,1048832
bert-21b,34,LATENCY_OAP,10.0-41,cpu,16,1,1.3810555934906006,0.1372361183166504,0.5565202236175537,1048832
bert-21b,35,LATENCY_OAP,10.0-41,cpu,16,1,1.2584388256072998,0.1211538314819336,0.5165884494781494,1048832
bert-21b,36,LATENCY_OAP,10.0-41,cpu,16,1,1.460768461227417,0.14187073707580566,0.5700845718383789,1048832
bert-21b,37,LATENCY_OAP,10.0-41,cpu,16,1,1.2566912174224854,0.1322033405303955,0.5266542434692383,1048832
bert-21b,38,LATENCY_OAP,10.0-41,cpu,16,1,1.6401724815368652,0.16494321823120117,0.680734395980835,1048832
bert-21b,39,LATENCY_OAP,10.0-41,cpu,16,1,1.0785152912139893,0.1062474250793457,0.4361252784729004,1048832
bert-21b,40,LATENCY_OAP,10.0-41,cpu,16,1,1.4185359477996826,0.13912105560302734,0.6018521785736084,1048832
bert-21b,0,LATENCY_OAP,10.0-41,cuda,1,1,2.8189756870269775,0.0030908584594726562,0.0010175704956054688,2304
bert-21b,1,LATENCY_OAP,10.0-41,cuda,1,1,1.8020293712615967,0.0024023056030273438,0.0005400180816650391,1048832
bert-21b,2,LATENCY_OAP,10.0-41,cuda,1,1,2.4633994102478027,0.0030443668365478516,0.0007874965667724609,1048832
bert-21b,3,LATENCY_OAP,10.0-41,cuda,1,1,2.3503170013427734,0.002994537353515625,0.0006899833679199219,1048832
bert-21b,4,LATENCY_OAP,10.0-41,cuda,1,1,2.27266526222229,0.002646207809448242,0.00042366981506347656,1048832
bert-21b,5,LATENCY_OAP,10.0-41,cuda,1,1,1.8513615131378174,0.0030024051666259766,0.0012159347534179688,1048832
bert-21b,6,LATENCY_OAP,10.0-41,cuda,1,1,1.9780783653259277,0.0030050277709960938,0.0021028518676757812,1048832
bert-21b,7,LATENCY_OAP,10.0-41,cuda,1,1,1.8053081035614014,0.0023996829986572266,0.0006973743438720703,1048832
bert-21b,8,LATENCY_OAP,10.0-41,cuda,1,1,1.861391305923462,0.0026216506958007812,0.00038051605224609375,1048832
bert-21b,9,LATENCY_OAP,10.0-41,cuda,1,1,1.8828113079071045,0.0029964447021484375,0.0006394386291503906,1048832
bert-21b,10,LATENCY_OAP,10.0-41,cuda,1,1,1.7025539875030518,0.002389192581176758,0.0005931854248046875,1048832
bert-21b,11,LATENCY_OAP,10.0-41,cuda,1,1,1.8888685703277588,0.0029897689819335938,0.0014383792877197266,1048832
bert-21b,12,LATENCY_OAP,10.0-41,cuda,1,1,1.7049789428710938,0.0026450157165527344,0.001035928726196289,1048832
bert-21b,13,LATENCY_OAP,10.0-41,cuda,1,1,2.3414690494537354,0.0029952526092529297,0.0008790493011474609,1048832
bert-21b,14,LATENCY_OAP,10.0-41,cuda,1,1,1.9689242839813232,0.002990245819091797,0.0012021064758300781,1048832
bert-21b,15,LATENCY_OAP,10.0-41,cuda,1,1,1.7523458003997803,0.002542734146118164,0.0009908676147460938,1048832
bert-21b,16,LATENCY_OAP,10.0-41,cuda,1,1,1.743497610092163,0.002627849578857422,0.00040340423583984375,1048832
bert-21b,17,LATENCY_OAP,10.0-41,cuda,1,1,1.5928995609283447,0.0023937225341796875,0.0005781650543212891,1048832
bert-21b,18,LATENCY_OAP,10.0-41,cuda,1,1,1.691255807876587,0.002672910690307617,0.0017008781433105469,1048832
bert-21b,19,LATENCY_OAP,10.0-41,cuda,1,1,1.8468785285949707,0.002997875213623047,0.0011096000671386719,1048832
bert-21b,20,LATENCY_OAP,10.0-41,cuda,1,1,1.6039927005767822,0.002393007278442383,0.0006725788116455078,1048832
bert-21b,21,LATENCY_OAP,10.0-41,cuda,1,1,1.6742043495178223,0.0026252269744873047,0.0003535747528076172,1048832
bert-21b,22,LATENCY_OAP,10.0-41,cuda,1,1,1.6882522106170654,0.0029897689819335938,0.001161336898803711,1048832
bert-21b,23,LATENCY_OAP,10.0-41,cuda,1,1,1.6674284934997559,0.0024652481079101562,0.0010161399841308594,1048832
bert-21b,24,LATENCY_OAP,10.0-41,cuda,1,1,1.1681814193725586,0.0026607513427734375,0.46259355545043945,1048832
bert-21b,25,LATENCY_OAP,10.0-41,cuda,1,1,1.7003772258758545,0.0024261474609375,0.0007653236389160156,1048832
bert-21b,26,LATENCY_OAP,10.0-41,cuda,1,1,1.155318021774292,0.003100156784057617,0.5388751029968262,1048832
bert-21b,27,LATENCY_OAP,10.0-41,cuda,1,1,1.685678482055664,0.0024929046630859375,0.0007488727569580078,1048832
bert-21b,28,LATENCY_OAP,10.0-41,cuda,1,1,1.158046007156372,0.002626657485961914,0.0007994174957275391,1048832
bert-21b,29,LATENCY_OAP,10.0-41,cuda,1,1,1.6237599849700928,0.002397775650024414,0.000659942626953125,1048832
bert-21b,30,LATENCY_OAP,10.0-41,cuda,1,1,1.7048001289367676,0.0026192665100097656,0.0014567375183105469,1048832
bert-21b,31,LATENCY_OAP,10.0-41,cuda,1,1,1.5978868007659912,0.0023887157440185547,0.0007922649383544922,1048832
bert-21b,32,LATENCY_OAP,10.0-41,cuda,1,1,1.5527057647705078,0.0026252269744873047,0.0009484291076660156,1048832
bert-21b,33,LATENCY_OAP,10.0-41,cuda,1,1,1.6781120300292969,0.0023870468139648438,0.0007884502410888672,1048832
bert-21b,34,LATENCY_OAP,10.0-41,cuda,1,1,1.6399354934692383,0.0026242733001708984,0.0013668537139892578,1048832
bert-21b,35,LATENCY_OAP,10.0-41,cuda,1,1,1.6022417545318604,0.0023810863494873047,0.0005340576171875,1048832
bert-21b,36,LATENCY_OAP,10.0-41,cuda,1,1,1.126128911972046,0.0026497840881347656,0.5323081016540527,1048832
bert-21b,37,LATENCY_OAP,10.0-41,cuda,1,1,1.6030042171478271,0.0026445388793945312,0.00099945068359375,1048832
bert-21b,38,LATENCY_OAP,10.0-41,cuda,1,1,1.797652244567871,0.0029959678649902344,0.00029659271240234375,1048832
bert-21b,39,LATENCY_OAP,10.0-41,cuda,1,1,1.5374207496643066,0.002033233642578125,0.0003247261047363281,1048832
bert-21b,40,LATENCY_OAP,10.0-41,cuda,1,1,1.6648955345153809,0.002717733383178711,0.0005640983581542969,1048832
bert-21b,0,PARAM_OAP,8,cpu,16,1,6.028484106063843,0.7678635120391846,3.1059398651123047,2304
bert-21b,1,PARAM_OAP,8,cpu,16,1,6.663379430770874,0.9881155490875244,3.268519878387451,1048832
bert-21b,2,PARAM_OAP,8,cpu,16,1,6.584154844284058,0.7901256084442139,3.1595711708068848,1048832
bert-21b,3,PARAM_OAP,8,cpu,16,1,7.153527021408081,0.9326462745666504,3.5069189071655273,1048832
bert-21b,4,PARAM_OAP,8,cpu,16,1,6.9797375202178955,0.8943569660186768,2.7784645557403564,1048832
bert-21b,5,PARAM_OAP,8,cpu,16,1,6.686877965927124,0.855025053024292,3.199930191040039,1048832
bert-21b,6,PARAM_OAP,8,cpu,16,1,7.071731328964233,0.7989981174468994,3.4005019664764404,1048832
bert-21b,7,PARAM_OAP,8,cpu,16,1,7.074485778808594,1.0216100215911865,3.0333311557769775,1048832
bert-21b,0,PARAM_OAP,8,cuda,1,1,10.170767068862915,0.015263795852661133,0.0011889934539794922,2304
bert-21b,1,PARAM_OAP,8,cuda,1,1,11.076506853103638,0.013480424880981445,0.001604318618774414,1048832
bert-21b,2,PARAM_OAP,8,cuda,1,1,9.279325723648071,0.013207435607910156,0.001561880111694336,1048832
bert-21b,3,PARAM_OAP,8,cuda,1,1,9.460026025772095,0.01755833625793457,0.5251657962799072,1048832
bert-21b,4,PARAM_OAP,8,cuda,1,1,9.228086709976196,0.013475179672241211,0.0004382133483886719,1048832
bert-21b,5,PARAM_OAP,8,cuda,1,1,9.083338022232056,0.013563156127929688,0.0028815269470214844,1048832
bert-21b,6,PARAM_OAP,8,cuda,1,1,9.245023965835571,0.013851642608642578,0.0006108283996582031,1048832
bert-21b,7,PARAM_OAP,8,cuda,1,1,9.171844720840454,0.013552188873291016,0.000518798828125,1048832
bert-21b,0,TIME_OAP,8,cpu,16,1,3.3053529262542725,0.7851829528808594,4.589627742767334,2304
bert-21b,1,TIME_OAP,8,cpu,16,1,4.764357089996338,1.5614707469940186,2.728688955307007,1048832
bert-21b,2,TIME_OAP,8,cpu,16,1,5.278978586196899,0.8937814235687256,3.287184476852417,1048832
bert-21b,3,TIME_OAP,8,cpu,16,1,5.293743371963501,1.2021398544311523,2.6151390075683594,1048832
bert-21b,4,TIME_OAP,8,cpu,16,1,5.397185325622559,0.9618685245513916,3.0402157306671143,1048832
bert-21b,5,TIME_OAP,8,cpu,16,1,5.263600587844849,0.8607196807861328,3.2944908142089844,1048832
bert-21b,6,TIME_OAP,8,cpu,16,1,5.60860538482666,1.265730619430542,2.4567453861236572,1048832
bert-21b,7,TIME_OAP,8,cpu,16,1,5.618293523788452,1.0891597270965576,2.5570268630981445,1048832
bert-21b,0,TIME_OAP,8,cuda,1,1,20.439881324768066,0.01232767105102539,0.14576959609985352,2304
bert-21b,1,TIME_OAP,8,cuda,1,1,16.886196851730347,0.01348257064819336,0.0005540847778320312,1048832
bert-21b,2,TIME_OAP,8,cuda,1,1,17.27216863632202,0.013807296752929688,0.0017366409301757812,1048832
bert-21b,3,TIME_OAP,8,cuda,1,1,10.78439474105835,0.013259649276733398,0.0021054744720458984,1048832
bert-21b,4,TIME_OAP,8,cuda,1,1,11.411221742630005,0.013506889343261719,0.0011403560638427734,1048832
bert-21b,5,TIME_OAP,8,cuda,1,1,11.510164737701416,0.013208389282226562,0.0007007122039794922,1048832
bert-21b,6,TIME_OAP,8,cuda,1,1,11.51330280303955,0.01382136344909668,0.0005259513854980469,1048832
bert-21b,7,TIME_OAP,8,cuda,1,1,11.486081838607788,0.013508319854736328,0.0005784034729003906,1048832
bert-21b,0,ME_OAP,10.0-21,cpu,16,1,1.5764923095703125,0.16235852241516113,0.6808981895446777,2304
bert-21b,1,ME_OAP,10.0-21,cpu,16,1,1.3818724155426025,0.17427325248718262,0.6237823963165283,1048832
bert-21b,2,ME_OAP,10.0-21,cpu,16,1,2.3588573932647705,0.32025957107543945,1.1679377555847168,1048832
bert-21b,3,ME_OAP,10.0-21,cpu,16,1,2.479212522506714,0.3399989604949951,1.1876153945922852,1048832
bert-21b,4,ME_OAP,10.0-21,cpu,16,1,2.173445701599121,0.2962310314178467,1.0050699710845947,1048832
bert-21b,5,ME_OAP,10.0-21,cpu,16,1,2.3564565181732178,0.29369544982910156,1.0237629413604736,1048832
bert-21b,6,ME_OAP,10.0-21,cpu,16,1,2.6357085704803467,0.3496716022491455,1.0516791343688965,1048832
bert-21b,7,ME_OAP,10.0-21,cpu,16,1,2.26811146736145,0.32850122451782227,0.8799052238464355,1048832
bert-21b,8,ME_OAP,10.0-21,cpu,16,1,2.4742484092712402,0.31795716285705566,0.9237189292907715,1048832
bert-21b,9,ME_OAP,10.0-21,cpu,16,1,2.6265456676483154,0.3324105739593506,0.9990801811218262,1048832
bert-21b,10,ME_OAP,10.0-21,cpu,16,1,2.289811849594116,0.2923426628112793,0.835554838180542,1048832
bert-21b,11,ME_OAP,10.0-21,cpu,16,1,2.5361454486846924,0.3277256488800049,0.9782369136810303,1048832
bert-21b,12,ME_OAP,10.0-21,cpu,16,1,2.6067819595336914,0.34036827087402344,1.075988531112671,1048832
bert-21b,13,ME_OAP,10.0-21,cpu,16,1,2.409795045852661,0.30356812477111816,0.9609072208404541,1048832
bert-21b,14,ME_OAP,10.0-21,cpu,16,1,2.599919080734253,0.32485365867614746,1.0491666793823242,1048832
bert-21b,15,ME_OAP,10.0-21,cpu,16,1,2.787299633026123,0.34783267974853516,1.0847556591033936,1048832
bert-21b,16,ME_OAP,10.0-21,cpu,16,1,2.4522294998168945,0.35501575469970703,0.9753823280334473,1048832
bert-21b,17,ME_OAP,10.0-21,cpu,16,1,2.7628300189971924,0.3633389472961426,1.1285908222198486,1048832
bert-21b,18,ME_OAP,10.0-21,cpu,16,1,2.786818265914917,0.3279881477355957,1.124725580215454,1048832
bert-21b,19,ME_OAP,10.0-21,cpu,16,1,2.52903413772583,0.2836298942565918,0.8921835422515869,1048832
bert-21b,20,ME_OAP,10.0-21,cpu,16,1,3.110917568206787,0.37757372856140137,0.9713244438171387,1048832
bert-21b,0,ME_OAP,10.0-21,cuda,1,1,4.51777458190918,0.003118753433227539,0.0023860931396484375,2304
bert-21b,1,ME_OAP,10.0-21,cuda,1,1,4.319945573806763,0.0030345916748046875,0.3403794765472412,1048832
bert-21b,2,ME_OAP,10.0-21,cuda,1,1,6.740867614746094,0.00533294677734375,0.0009410381317138672,1048832
bert-21b,3,ME_OAP,10.0-21,cuda,1,1,6.88138484954834,0.005594730377197266,0.0013513565063476562,1048832
bert-21b,4,ME_OAP,10.0-21,cuda,1,1,5.9825966358184814,0.004968166351318359,0.0015974044799804688,1048832
bert-21b,5,ME_OAP,10.0-21,cuda,1,1,5.923191785812378,0.0055887699127197266,0.49703502655029297,1048832
bert-21b,6,ME_OAP,10.0-21,cuda,1,1,6.691124439239502,0.005602121353149414,0.0012738704681396484,1048832
bert-21b,7,ME_OAP,10.0-21,cuda,1,1,5.914283990859985,0.0049707889556884766,0.0014598369598388672,1048832
bert-21b,8,ME_OAP,10.0-21,cuda,1,1,6.504307985305786,0.0053691864013671875,-0.0003974437713623047,1048832
bert-21b,9,ME_OAP,10.0-21,cuda,1,1,5.315160036087036,0.005623340606689453,0.4231438636779785,1048832
bert-21b,10,ME_OAP,10.0-21,cuda,1,1,4.27834415435791,0.00631260871887207,0.49393224716186523,1048832
bert-21b,11,ME_OAP,10.0-21,cuda,1,1,4.2309510707855225,0.005334377288818359,0.0006766319274902344,1048832
bert-21b,12,ME_OAP,10.0-21,cuda,1,1,4.339040040969849,0.005654096603393555,0.4660336971282959,1048832
bert-21b,13,ME_OAP,10.0-21,cuda,1,1,3.2461957931518555,0.004968881607055664,0.001384735107421875,1048832
bert-21b,14,ME_OAP,10.0-21,cuda,1,1,3.3843891620635986,0.005385160446166992,0.003229856491088867,1048832
bert-21b,15,ME_OAP,10.0-21,cuda,1,1,3.481748104095459,0.005602836608886719,0.0006501674652099609,1048832
bert-21b,16,ME_OAP,10.0-21,cuda,1,1,3.3231546878814697,0.004960775375366211,0.0006625652313232422,1048832
bert-21b,17,ME_OAP,10.0-21,cuda,1,1,3.423877239227295,0.005318641662597656,0.0006086826324462891,1048832
bert-21b,18,ME_OAP,10.0-21,cuda,1,1,3.3864920139312744,0.006949663162231445,0.0008883476257324219,1048832
bert-21b,19,ME_OAP,10.0-21,cuda,1,1,3.194633960723877,0.0049588680267333984,0.001386880874633789,1048832
bert-21b,20,ME_OAP,10.0-21,cuda,1,1,3.4700963497161865,0.00600743293762207,0.000934600830078125,1048832
bert-21b,0,ME_OAP,10.0-10,cpu,16,1,4.239684581756592,0.5797162055969238,2.557920217514038,2304
bert-21b,1,ME_OAP,10.0-10,cpu,16,1,5.0020458698272705,0.6343348026275635,2.3382530212402344,1048832
bert-21b,2,ME_OAP,10.0-10,cpu,16,1,5.033208847045898,0.6099691390991211,2.303516387939453,1048832
bert-21b,3,ME_OAP,10.0-10,cpu,16,1,4.516865968704224,0.6461560726165771,2.1822586059570312,1048832
bert-21b,4,ME_OAP,10.0-10,cpu,16,1,5.3646509647369385,0.6812777519226074,2.4832091331481934,1048832
bert-21b,5,ME_OAP,10.0-10,cpu,16,1,5.381511211395264,0.669952392578125,2.3950436115264893,1048832
bert-21b,6,ME_OAP,10.0-10,cpu,16,1,5.337960720062256,0.6427662372589111,2.1782171726226807,1048832
bert-21b,7,ME_OAP,10.0-10,cpu,16,1,5.482133388519287,0.6502978801727295,2.4417777061462402,1048832
bert-21b,8,ME_OAP,10.0-10,cpu,16,1,5.570388078689575,0.8252096176147461,2.2661709785461426,1048832
bert-21b,9,ME_OAP,10.0-10,cpu,16,1,5.457362413406372,0.7544717788696289,2.282817840576172,1048832
bert-21b,0,ME_OAP,10.0-10,cuda,1,1,8.99861454963684,0.01000833511352539,0.001819610595703125,2304
bert-21b,1,ME_OAP,10.0-10,cuda,1,1,9.229050874710083,0.010854244232177734,0.0009665489196777344,1048832
bert-21b,2,ME_OAP,10.0-10,cuda,1,1,9.093131065368652,0.010833024978637695,0.0007925033569335938,1048832
bert-21b,3,ME_OAP,10.0-10,cuda,1,1,7.365429639816284,0.010289907455444336,0.0019576549530029297,1048832
bert-21b,4,ME_OAP,10.0-10,cuda,1,1,7.540788888931274,0.010860681533813477,0.0008921623229980469,1048832
bert-21b,5,ME_OAP,10.0-10,cuda,1,1,7.369707107543945,0.010886192321777344,0.0006763935089111328,1048832
bert-21b,6,ME_OAP,10.0-10,cuda,1,1,6.74999737739563,0.010503053665161133,0.00041937828063964844,1048832
bert-21b,7,ME_OAP,10.0-10,cuda,1,1,6.615809202194214,0.010858774185180664,0.0011887550354003906,1048832
bert-21b,8,ME_OAP,10.0-10,cuda,1,1,6.847550868988037,0.010876893997192383,0.513481855392456,1048832
bert-21b,9,ME_OAP,10.0-10,cuda,1,1,7.336499214172363,0.011093854904174805,0.0018775463104248047,1048832
bert-21b,0,LATENCY_OAP,10.0-10,cpu,16,1,4.848611116409302,0.7008581161499023,2.799281120300293,2304
bert-21b,1,LATENCY_OAP,10.0-10,cpu,16,1,4.849127292633057,0.6350593566894531,2.2728939056396484,1048832
bert-21b,2,LATENCY_OAP,10.0-10,cpu,16,1,4.937357664108276,0.609849214553833,1.7242023944854736,1048832
bert-21b,3,LATENCY_OAP,10.0-10,cpu,16,1,5.32738184928894,0.6832048892974854,1.9244070053100586,1048832
bert-21b,4,LATENCY_OAP,10.0-10,cpu,16,1,5.162402153015137,0.5885839462280273,1.7909936904907227,1048832
bert-21b,5,LATENCY_OAP,10.0-10,cpu,16,1,4.700873613357544,0.6444542407989502,1.7552907466888428,1048832
bert-21b,6,LATENCY_OAP,10.0-10,cpu,16,1,5.351004123687744,0.8516795635223389,1.665055513381958,1048832
bert-21b,7,LATENCY_OAP,10.0-10,cpu,16,1,5.2618324756622314,0.6007790565490723,1.8305175304412842,1048832
bert-21b,8,LATENCY_OAP,10.0-10,cpu,16,1,5.470614433288574,0.7480480670928955,1.714020013809204,1048832
bert-21b,9,LATENCY_OAP,10.0-10,cpu,16,1,5.340587854385376,0.6899411678314209,1.8936505317687988,1048832
bert-21b,0,LATENCY_OAP,10.0-10,cuda,1,1,13.56522822380066,0.010980367660522461,0.42070865631103516,2304
bert-21b,1,LATENCY_OAP,10.0-10,cuda,1,1,11.590017080307007,0.010258674621582031,0.002435922622680664,1048832
bert-21b,2,LATENCY_OAP,10.0-10,cuda,1,1,7.455536603927612,0.010486602783203125,0.0010876655578613281,1048832
bert-21b,3,LATENCY_OAP,10.0-10,cuda,1,1,6.9830076694488525,0.011121511459350586,0.5012722015380859,1048832
bert-21b,4,LATENCY_OAP,10.0-10,cuda,1,1,7.436863899230957,0.0108642578125,0.0007236003875732422,1048832
bert-21b,5,LATENCY_OAP,10.0-10,cuda,1,1,6.6495747566223145,0.010250091552734375,0.0018894672393798828,1048832
bert-21b,6,LATENCY_OAP,10.0-10,cuda,1,1,7.343362092971802,0.010860443115234375,0.0014812946319580078,1048832
bert-21b,7,LATENCY_OAP,10.0-10,cuda,1,1,6.671828508377075,0.01051020622253418,0.00096893310546875,1048832
bert-21b,8,LATENCY_OAP,10.0-10,cuda,1,1,7.388845205307007,0.010862112045288086,0.0013959407806396484,1048832
bert-21b,9,LATENCY_OAP,10.0-10,cuda,1,1,6.834918975830078,0.010927677154541016,0.002276182174682617,1048832
bert-21b,0,LATENCY_OAP,10.0-41,cpu,16,1,1.8297336101531982,0.16738247871398926,0.6969320774078369,2304
bert-21b,1,LATENCY_OAP,10.0-41,cpu,16,1,1.1609103679656982,0.14667057991027832,0.5393385887145996,1048832
bert-21b,2,LATENCY_OAP,10.0-41,cpu,16,1,1.445711612701416,0.1659858226776123,0.6948399543762207,1048832
bert-21b,3,LATENCY_OAP,10.0-41,cpu,16,1,1.459043025970459,0.17212319374084473,0.6536850929260254,1048832
bert-21b,4,LATENCY_OAP,10.0-41,cpu,16,1,1.2904284000396729,0.15557217597961426,0.5889863967895508,1048832
bert-21b,5,LATENCY_OAP,10.0-41,cpu,16,1,1.4706823825836182,0.16187000274658203,0.6745293140411377,1048832
bert-21b,6,LATENCY_OAP,10.0-41,cpu,16,1,1.4420580863952637,0.16777920722961426,0.6493852138519287,1048832
bert-21b,7,LATENCY_OAP,10.0-41,cpu,16,1,1.030928373336792,0.13626456260681152,0.49675488471984863,1048832
bert-21b,8,LATENCY_OAP,10.0-41,cpu,16,1,1.2519080638885498,0.15000653266906738,0.46825098991394043,1048832
bert-21b,9,LATENCY_OAP,10.0-41,cpu,16,1,1.4233229160308838,0.16791248321533203,0.5016520023345947,1048832
bert-21b,10,LATENCY_OAP,10.0-41,cpu,16,1,1.1350529193878174,0.15625286102294922,0.36780786514282227,1048832
bert-21b,11,LATENCY_OAP,10.0-41,cpu,16,1,1.4891250133514404,0.16536855697631836,0.49058961868286133,1048832
bert-21b,12,LATENCY_OAP,10.0-41,cpu,16,1,1.32572340965271,0.14724397659301758,0.4574925899505615,1048832
bert-21b,13,LATENCY_OAP,10.0-41,cpu,16,1,1.4546160697937012,0.17251300811767578,0.47338318824768066,1048832
bert-21b,14,LATENCY_OAP,10.0-41,cpu,16,1,1.4560511112213135,0.1640336513519287,0.5133225917816162,1048832
bert-21b,15,LATENCY_OAP,10.0-41,cpu,16,1,1.1910130977630615,0.14217329025268555,0.41339707374572754,1048832
bert-21b,16,LATENCY_OAP,10.0-41,cpu,16,1,1.328420639038086,0.17132973670959473,0.4815807342529297,1048832
bert-21b,17,LATENCY_OAP,10.0-41,cpu,16,1,1.1497275829315186,0.14806532859802246,0.39948105812072754,1048832
bert-21b,18,LATENCY_OAP,10.0-41,cpu,16,1,1.3098516464233398,0.1692969799041748,0.42641234397888184,1048832
bert-21b,19,LATENCY_OAP,10.0-41,cpu,16,1,1.4798803329467773,0.19984078407287598,0.4989006519317627,1048832
bert-21b,20,LATENCY_OAP,10.0-41,cpu,16,1,1.1767222881317139,0.14548468589782715,0.43511962890625,1048832
bert-21b,21,LATENCY_OAP,10.0-41,cpu,16,1,1.3308155536651611,0.16905856132507324,0.4618525505065918,1048832
bert-21b,22,LATENCY_OAP,10.0-41,cpu,16,1,1.508373737335205,0.18407177925109863,0.5076217651367188,1048832
bert-21b,23,LATENCY_OAP,10.0-41,cpu,16,1,1.1890273094177246,0.1445920467376709,0.42168307304382324,1048832
bert-21b,24,LATENCY_OAP,10.0-41,cpu,16,1,1.3277099132537842,0.15400242805480957,0.4256143569946289,1048832
bert-21b,25,LATENCY_OAP,10.0-41,cpu,16,1,1.16054105758667,0.1297447681427002,0.4629862308502197,1048832
bert-21b,26,LATENCY_OAP,10.0-41,cpu,16,1,1.3263494968414307,0.15025115013122559,0.4580399990081787,1048832
bert-21b,27,LATENCY_OAP,10.0-41,cpu,16,1,1.1768977642059326,0.12960267066955566,0.4213082790374756,1048832
bert-21b,28,LATENCY_OAP,10.0-41,cpu,16,1,1.3485448360443115,0.1462085247039795,0.4320080280303955,1048832
bert-21b,29,LATENCY_OAP,10.0-41,cpu,16,1,1.1967248916625977,0.13032960891723633,0.420501708984375,1048832
bert-21b,30,LATENCY_OAP,10.0-41,cpu,16,1,1.4098365306854248,0.15293478965759277,0.422774076461792,1048832
bert-21b,31,LATENCY_OAP,10.0-41,cpu,16,1,1.2913780212402344,0.13506674766540527,0.4260551929473877,1048832
bert-21b,32,LATENCY_OAP,10.0-41,cpu,16,1,1.3817861080169678,0.1497483253479004,0.47911667823791504,1048832
bert-21b,33,LATENCY_OAP,10.0-41,cpu,16,1,1.174229621887207,0.131730318069458,0.46303725242614746,1048832
bert-21b,34,LATENCY_OAP,10.0-41,cpu,16,1,1.3227901458740234,0.1503298282623291,0.4831836223602295,1048832
bert-21b,35,LATENCY_OAP,10.0-41,cpu,16,1,1.1735000610351562,0.13180303573608398,0.43205833435058594,1048832
bert-21b,36,LATENCY_OAP,10.0-41,cpu,16,1,1.3348448276519775,0.14278745651245117,0.4680016040802002,1048832
bert-21b,37,LATENCY_OAP,10.0-41,cpu,16,1,1.1704645156860352,0.13297080993652344,0.4234452247619629,1048832
bert-21b,38,LATENCY_OAP,10.0-41,cpu,16,1,1.5451350212097168,0.16389703750610352,0.516216516494751,1048832
bert-21b,39,LATENCY_OAP,10.0-41,cpu,16,1,1.054276466369629,0.1097865104675293,0.4097721576690674,1048832
bert-21b,40,LATENCY_OAP,10.0-41,cpu,16,1,1.424246072769165,0.14217233657836914,0.48108506202697754,1048832
bert-21b,0,LATENCY_OAP,10.0-41,cuda,1,1,2.712531089782715,0.003088712692260742,0.0010542869567871094,2304
bert-21b,1,LATENCY_OAP,10.0-41,cuda,1,1,1.7076306343078613,0.0024166107177734375,0.0007092952728271484,1048832
bert-21b,2,LATENCY_OAP,10.0-41,cuda,1,1,1.9011220932006836,0.0029993057250976562,0.0007576942443847656,1048832
bert-21b,3,LATENCY_OAP,10.0-41,cuda,1,1,2.2611067295074463,0.0029914379119873047,0.00016617774963378906,1048832
bert-21b,4,LATENCY_OAP,10.0-41,cuda,1,1,1.7755842208862305,0.002649068832397461,0.0008342266082763672,1048832
bert-21b,5,LATENCY_OAP,10.0-41,cuda,1,1,2.3757340908050537,0.0030002593994140625,0.0006248950958251953,1048832
bert-21b,6,LATENCY_OAP,10.0-41,cuda,1,1,1.7825193405151367,0.003006458282470703,0.0026235580444335938,1048832
bert-21b,7,LATENCY_OAP,10.0-41,cuda,1,1,1.7288167476654053,0.002395153045654297,0.0006482601165771484,1048832
bert-21b,8,LATENCY_OAP,10.0-41,cuda,1,1,1.7072536945343018,0.0031805038452148438,0.0004355907440185547,1048832
bert-21b,9,LATENCY_OAP,10.0-41,cuda,1,1,1.8348543643951416,0.0029985904693603516,0.0010967254638671875,1048832
bert-21b,10,LATENCY_OAP,10.0-41,cuda,1,1,1.6822843551635742,0.0023870468139648438,0.0005545616149902344,1048832
bert-21b,11,LATENCY_OAP,10.0-41,cuda,1,1,1.7940435409545898,0.0029892921447753906,0.00030112266540527344,1048832
bert-21b,12,LATENCY_OAP,10.0-41,cuda,1,1,1.7229094505310059,0.0026803016662597656,-0.002888917922973633,1048832
bert-21b,13,LATENCY_OAP,10.0-41,cuda,1,1,1.724207878112793,0.0029904842376708984,0.0011065006256103516,1048832
bert-21b,14,LATENCY_OAP,10.0-41,cuda,1,1,1.9023096561431885,0.002989053726196289,0.0015895366668701172,1048832
bert-21b,15,LATENCY_OAP,10.0-41,cuda,1,1,1.1691398620605469,0.0024170875549316406,0.0008587837219238281,1048832
bert-21b,16,LATENCY_OAP,10.0-41,cuda,1,1,1.713796615600586,0.002629995346069336,0.0011446475982666016,1048832
bert-21b,17,LATENCY_OAP,10.0-41,cuda,1,1,1.5821864604949951,0.0023937225341796875,0.0005767345428466797,1048832
bert-21b,18,LATENCY_OAP,10.0-41,cuda,1,1,1.1337370872497559,0.0030984878540039062,0.4501767158508301,1048832
bert-21b,19,LATENCY_OAP,10.0-41,cuda,1,1,1.8462262153625488,0.003002166748046875,0.0006184577941894531,1048832
bert-21b,20,LATENCY_OAP,10.0-41,cuda,1,1,1.6229801177978516,0.0026280879974365234,0.001588582992553711,1048832
bert-21b,21,LATENCY_OAP,10.0-41,cuda,1,1,1.1307854652404785,0.002645254135131836,0.48497557640075684,1048832
bert-21b,22,LATENCY_OAP,10.0-41,cuda,1,1,1.8530595302581787,0.002995014190673828,0.0017871856689453125,1048832
bert-21b,23,LATENCY_OAP,10.0-41,cuda,1,1,1.5741779804229736,0.0026259422302246094,0.0006799697875976562,1048832
bert-21b,24,LATENCY_OAP,10.0-41,cuda,1,1,1.69921875,0.0026302337646484375,0.00037932395935058594,1048832
bert-21b,25,LATENCY_OAP,10.0-41,cuda,1,1,1.641066551208496,0.0023941993713378906,0.0012083053588867188,1048832
bert-21b,26,LATENCY_OAP,10.0-41,cuda,1,1,1.1147243976593018,0.0026569366455078125,0.5042686462402344,1048832
bert-21b,27,LATENCY_OAP,10.0-41,cuda,1,1,1.0956718921661377,0.002473115921020508,0.5306262969970703,1048832
bert-21b,28,LATENCY_OAP,10.0-41,cuda,1,1,1.1074705123901367,0.0026350021362304688,0.5148494243621826,1048832
bert-21b,29,LATENCY_OAP,10.0-41,cuda,1,1,1.0744292736053467,0.002382516860961914,0.0005362033843994141,1048832
bert-21b,30,LATENCY_OAP,10.0-41,cuda,1,1,1.6934828758239746,0.0026357173919677734,0.003011465072631836,1048832
bert-21b,31,LATENCY_OAP,10.0-41,cuda,1,1,1.573692798614502,0.002393484115600586,0.0016515254974365234,1048832
bert-21b,32,LATENCY_OAP,10.0-41,cuda,1,1,1.1600916385650635,0.003157377243041992,0.519752025604248,1048832
bert-21b,33,LATENCY_OAP,10.0-41,cuda,1,1,1.1053495407104492,0.003299236297607422,0.5083072185516357,1048832
bert-21b,34,LATENCY_OAP,10.0-41,cuda,1,1,1.1708967685699463,0.0031592845916748047,0.49944496154785156,1048832
bert-21b,35,LATENCY_OAP,10.0-41,cuda,1,1,1.6065788269042969,0.0025653839111328125,0.0008764266967773438,1048832
bert-21b,36,LATENCY_OAP,10.0-41,cuda,1,1,1.1832776069641113,0.0028913021087646484,0.49246740341186523,1048832
bert-21b,37,LATENCY_OAP,10.0-41,cuda,1,1,1.6319456100463867,0.00255584716796875,0.0009443759918212891,1048832
bert-21b,38,LATENCY_OAP,10.0-41,cuda,1,1,1.7699947357177734,0.0029990673065185547,0.0003025531768798828,1048832
bert-21b,39,LATENCY_OAP,10.0-41,cuda,1,1,1.540668249130249,0.0021104812622070312,0.002215862274169922,1048832
bert-21b,40,LATENCY_OAP,10.0-41,cuda,1,1,1.6726264953613281,0.0027246475219726562,0.0007047653198242188,1048832
bert-21b,0,PARAM_OAP,8,cpu,16,1,12.638334512710571,0.7278306484222412,2.4700229167938232,2304
bert-21b,1,PARAM_OAP,8,cpu,16,1,7.935707330703735,0.7681746482849121,2.2086727619171143,1048832
bert-21b,2,PARAM_OAP,8,cpu,16,1,5.992676734924316,0.7890353202819824,2.3142151832580566,1048832
bert-21b,3,PARAM_OAP,8,cpu,16,1,6.633723497390747,1.0227675437927246,2.256669759750366,1048832
bert-21b,4,PARAM_OAP,8,cpu,16,1,6.59717321395874,0.936830997467041,2.252285957336426,1048832
bert-21b,5,PARAM_OAP,8,cpu,16,1,6.48030948638916,0.9362447261810303,2.2525177001953125,1048832
bert-21b,6,PARAM_OAP,8,cpu,16,1,6.767028093338013,0.8447930812835693,2.5248782634735107,1048832
bert-21b,7,PARAM_OAP,8,cpu,16,1,6.772898197174072,1.0281217098236084,2.258021593093872,1048832
bert-21b,0,PARAM_OAP,8,cuda,1,1,9.838367938995361,0.012348651885986328,0.0021584033966064453,2304
bert-21b,1,PARAM_OAP,8,cuda,1,1,9.246319055557251,0.01346278190612793,0.0008046627044677734,1048832
bert-21b,2,PARAM_OAP,8,cuda,1,1,9.07264757156372,0.013214826583862305,0.0009682178497314453,1048832
bert-21b,3,PARAM_OAP,8,cuda,1,1,9.18179440498352,0.013880252838134766,0.0004076957702636719,1048832
bert-21b,4,PARAM_OAP,8,cuda,1,1,9.10257077217102,0.013486146926879883,0.001922607421875,1048832
bert-21b,5,PARAM_OAP,8,cuda,1,1,9.007304191589355,0.013233184814453125,0.0006191730499267578,1048832
bert-21b,6,PARAM_OAP,8,cuda,1,1,9.175985336303711,0.013857126235961914,0.0011644363403320312,1048832
bert-21b,7,PARAM_OAP,8,cuda,1,1,9.058930397033691,0.013585329055786133,0.0010144710540771484,1048832
wideresnet-9b,0,LATENCY_OAP,10.0-4,cpu,16,1,5.965246915817261,0.0,0.0,98304
wideresnet-9b,1,LATENCY_OAP,10.0-4,cpu,16,1,17.41081190109253,0.0,0.0,19922944
wideresnet-9b,2,LATENCY_OAP,10.0-4,cpu,16,1,23.981652975082397,0.0,0.0,19922944
wideresnet-9b,3,LATENCY_OAP,10.0-4,cpu,16,1,24.048999786376953,0.0,0.0,9961472
wideresnet-9b,0,LATENCY_OAP,10.0-4,cuda:2,1,1,2.0617189407348633,0.16396164894104004,1.2782399654388428,98304
wideresnet-9b,1,LATENCY_OAP,10.0-4,cuda:2,1,1,4.103554725646973,0.1574251651763916,-0.0013308525085449219,19922944
wideresnet-9b,2,LATENCY_OAP,10.0-4,cuda:2,1,1,3.0618762969970703,0.15842461585998535,0.0017313957214355469,19922944
wideresnet-9b,3,LATENCY_OAP,10.0-4,cuda:2,1,1,2.9100615978240967,0.1753385066986084,0.00148773193359375,9961472
wideresnet-9b,0,PARAM_OAP,8,cpu,16,1,1.7941265106201172,0.0,0.0,98304
wideresnet-9b,1,PARAM_OAP,8,cpu,16,1,9.745635986328125,0.0,0.0,39845888
wideresnet-9b,2,PARAM_OAP,8,cpu,16,1,10.720609664916992,0.0,0.0,19922944
wideresnet-9b,3,PARAM_OAP,8,cpu,16,1,10.593780279159546,0.0,0.0,19922944
wideresnet-9b,4,PARAM_OAP,8,cpu,16,1,10.444716691970825,0.0,0.0,19922944
wideresnet-9b,5,PARAM_OAP,8,cpu,16,1,10.393296957015991,0.0,0.0,19922944
wideresnet-9b,6,PARAM_OAP,8,cpu,16,1,10.504260778427124,0.0,0.0,19922944
wideresnet-9b,7,PARAM_OAP,8,cpu,16,1,8.74162483215332,0.0,0.0,19922944
wideresnet-9b,0,PARAM_OAP,8,cuda:2,1,1,0.43817901611328125,0.0667881965637207,0.00012087821960449219,98304
wideresnet-9b,1,PARAM_OAP,8,cuda:2,1,1,2.0157651901245117,0.15021538734436035,0.3680105209350586,39845888
wideresnet-9b,2,PARAM_OAP,8,cuda:2,1,1,1.739562749862671,0.09227156639099121,0.00017189979553222656,19922944
wideresnet-9b,3,PARAM_OAP,8,cuda:2,1,1,1.0543110370635986,0.06751418113708496,0.12699270248413086,19922944
wideresnet-9b,4,PARAM_OAP,8,cuda:2,1,1,1.2869398593902588,0.0681450366973877,1.4066696166992188e-05,19922944
wideresnet-9b,5,PARAM_OAP,8,cuda:2,1,1,1.3430345058441162,0.0680232048034668,0.001689910888671875,19922944
wideresnet-9b,6,PARAM_OAP,8,cuda:2,1,1,0.708338737487793,0.0678873062133789,0.0011441707611083984,19922944
wideresnet-9b,7,PARAM_OAP,8,cuda:2,1,1,0.6966292858123779,0.05744194984436035,-6.222724914550781e-05,19922944
wideresnet-9b,0,TIME_OAP,8,cpu,16,1,1.8995029926300049,0.0,0.0,98304
wideresnet-9b,1,TIME_OAP,8,cpu,16,1,3.796463966369629,0.0,0.0,39845888
wideresnet-9b,2,TIME_OAP,8,cpu,16,1,8.381866931915283,0.0,0.0,39845888
wideresnet-9b,3,TIME_OAP,8,cpu,16,1,11.415451288223267,0.0,0.0,19922944
wideresnet-9b,4,TIME_OAP,8,cpu,16,1,12.107390642166138,0.0,0.0,19922944
wideresnet-9b,5,TIME_OAP,8,cpu,16,1,12.002634525299072,0.0,0.0,9961472
wideresnet-9b,6,TIME_OAP,8,cpu,16,1,12.066652059555054,0.0,0.0,19922944
wideresnet-9b,7,TIME_OAP,8,cpu,16,1,10.308456182479858,0.0,0.0,9961472
wideresnet-9b,0,TIME_OAP,8,cuda:2,1,1,0.5350534915924072,0.0751504898071289,0.008102178573608398,98304
wideresnet-9b,1,TIME_OAP,8,cuda:2,1,1,1.0630180835723877,0.0934901237487793,-0.0008971691131591797,39845888
wideresnet-9b,2,TIME_OAP,8,cuda:2,1,1,1.8771438598632812,0.09441733360290527,-0.0021457672119140625,39845888
wideresnet-9b,3,TIME_OAP,8,cuda:2,1,1,1.7271864414215088,0.08916759490966797,3.075599670410156e-05,19922944
wideresnet-9b,4,TIME_OAP,8,cuda:2,1,1,1.0875837802886963,0.08074712753295898,0.12575030326843262,19922944
wideresnet-9b,5,TIME_OAP,8,cuda:2,1,1,1.1264874935150146,0.08059382438659668,0.06062436103820801,9961472
wideresnet-9b,6,TIME_OAP,8,cuda:2,1,1,1.14845871925354,0.08056926727294922,0.001119375228881836,19922944
wideresnet-9b,7,TIME_OAP,8,cuda:2,1,1,1.0728883743286133,0.06757903099060059,0.044097185134887695,9961472
wideresnet-9b,0,ME_OAP,10.0-3,cpu,16,1,2.279102325439453,0.0,0.0,98304
wideresnet-9b,1,ME_OAP,10.0-3,cpu,16,1,24.717386960983276,0.0,0.0,79691776
wideresnet-9b,2,ME_OAP,10.0-3,cpu,16,1,44.39711093902588,0.0,0.0,9961472
wideresnet-9b,0,ME_OAP,10.0-3,cuda:2,1,1,0.6293065547943115,0.10023117065429688,-8.344650268554688e-05,98304
wideresnet-9b,1,ME_OAP,10.0-3,cuda:2,1,1,3.5190563201904297,0.25713539123535156,-0.0005700588226318359,79691776
wideresnet-9b,2,ME_OAP,10.0-3,cuda:2,1,1,5.949882507324219,0.2995331287384033,0.05225944519042969,9961472
whisper-large-v2,0,LATENCY_OAP,10.0-2,cpu,16,1,6.272972583770752,0.0,0.0,480000
whisper-large-v2,1,LATENCY_OAP,10.0-2,cpu,16,1,9.62240219116211,0.0,0.0,123049228
whisper-large-v2,0,LATENCY_OAP,10.0-2,cuda:2,1,1,1.856107234954834,0.06120491027832031,1.5939326286315918,480000
whisper-large-v2,1,LATENCY_OAP,10.0-2,cuda:2,1,1,1.9221796989440918,0.02007889747619629,0.013018608093261719,123049228
whisper-large-v2,0,PARAM_OAP,3,cpu,16,1,5.822324514389038,0.0,0.0,480000
whisper-large-v2,1,PARAM_OAP,3,cpu,16,1,4.2656636238098145,0.0,0.0,49991796
whisper-large-v2,2,PARAM_OAP,3,cpu,16,1,5.379983901977539,0.0,0.0,73057432
whisper-large-v2,0,PARAM_OAP,3,cuda:2,1,1,1.061535358428955,0.06099438667297363,0.0025916099548339844,480000
whisper-large-v2,1,PARAM_OAP,3,cuda:2,1,1,0.5384705066680908,0.007950067520141602,0.0013492107391357422,49991796
whisper-large-v2,2,PARAM_OAP,3,cuda:2,1,1,0.1504817008972168,0.011477947235107422,0.0018658638000488281,73057432
whisper-large-v2,0,TIME_OAP,3,cpu,16,1,5.934666633605957,0.0,0.0,480000
whisper-large-v2,1,TIME_OAP,3,cpu,16,1,2.5676722526550293,0.0,0.0,26921028
whisper-large-v2,2,TIME_OAP,3,cpu,16,1,6.89431357383728,0.0,0.0,96128200
whisper-large-v2,0,TIME_OAP,3,cuda:2,1,1,1.1211049556732178,0.07593846321105957,0.12685465812683105,480000
whisper-large-v2,1,TIME_OAP,3,cuda:2,1,1,0.12050271034240723,0.004606008529663086,0.0007810592651367188,26921028
whisper-large-v2,2,TIME_OAP,3,cuda:2,1,1,0.616811990737915,0.020767688751220703,0.024292945861816406,96128200
whisper-large-v2,0,ME_OAP,10.0-1,cpu,16,1,15.180994033813477,0.0,0.0,123529228
whisper-large-v2,0,ME_OAP,10.0-1,cuda:2,1,1,1.5576250553131104,0.07357597351074219,-0.00046563148498535156,123529228
switch-base-128,0,LATENCY_OAP,10.0-3,cpu,16,1,23.28643822669983,0.0,0.0,8066560
switch-base-128,1,LATENCY_OAP,10.0-3,cpu,16,1,26.52046036720276,0.0,0.0,10304768
switch-base-128,2,LATENCY_OAP,10.0-3,cpu,16,1,29.541319370269775,0.0,0.0,13886976
switch-base-128,0,LATENCY_OAP,10.0-3,cuda:2,1,1,5.4494309425354,0.022575855255126953,1.1158974170684814,8066560
switch-base-128,1,LATENCY_OAP,10.0-3,cuda:2,1,1,6.149670600891113,0.025140762329101562,0.029510498046875,10304768
switch-base-128,2,LATENCY_OAP,10.0-3,cuda:2,1,1,8.37513780593872,0.023499250411987305,0.005559206008911133,13886976
switch-base-128,0,PARAM_OAP,8,cpu,16,1,8.768028974533081,0.0,0.0,3612160
switch-base-128,1,PARAM_OAP,8,cpu,16,1,9.2945876121521,0.0,0.0,2316288
switch-base-128,2,PARAM_OAP,8,cpu,16,1,10.011182308197021,0.0,0.0,4200960
switch-base-128,3,PARAM_OAP,8,cpu,16,1,10.181350469589233,0.0,0.0,3306752
switch-base-128,4,PARAM_OAP,8,cpu,16,1,10.028440475463867,0.0,0.0,4838400
switch-base-128,5,PARAM_OAP,8,cpu,16,1,10.129695892333984,0.0,0.0,5004288
switch-base-128,6,PARAM_OAP,8,cpu,16,1,10.139617919921875,0.0,0.0,5104128
switch-base-128,7,PARAM_OAP,8,cpu,16,1,9.853652000427246,0.0,0.0,3875328
switch-base-128,0,PARAM_OAP,8,cuda:2,1,1,1.9232194423675537,0.017740488052368164,0.28482818603515625,3612160
switch-base-128,1,PARAM_OAP,8,cuda:2,1,1,2.2918076515197754,0.008847475051879883,0.002546072006225586,2316288
switch-base-128,2,PARAM_OAP,8,cuda:2,1,1,2.3000845909118652,0.008791685104370117,0.004703521728515625,4200960
switch-base-128,3,PARAM_OAP,8,cuda:2,1,1,1.8679745197296143,0.020641326904296875,-0.2641482353210449,3306752
switch-base-128,4,PARAM_OAP,8,cuda:2,1,1,2.3100314140319824,0.009283065795898438,0.0016138553619384766,4838400
switch-base-128,5,PARAM_OAP,8,cuda:2,1,1,2.7250428199768066,0.011566638946533203,0.0012822151184082031,5004288
switch-base-128,6,PARAM_OAP,8,cuda:2,1,1,2.3068671226501465,0.013120651245117188,0.24200963973999023,5104128
switch-base-128,7,PARAM_OAP,8,cuda:2,1,1,2.701106548309326,0.009550809860229492,0.003216266632080078,3875328
switch-base-128,0,TIME_OAP,8,cpu,16,1,8.055754899978638,0.0,0.0,3586048
switch-base-128,1,TIME_OAP,8,cpu,16,1,8.643453121185303,0.0,0.0,2310144
switch-base-128,2,TIME_OAP,8,cpu,16,1,9.105580806732178,0.0,0.0,4173312
switch-base-128,3,TIME_OAP,8,cpu,16,1,9.332719564437866,0.0,0.0,2267136
switch-base-128,4,TIME_OAP,8,cpu,16,1,10.034070014953613,0.0,0.0,5922560
switch-base-128,5,TIME_OAP,8,cpu,16,1,11.329426765441895,0.0,0.0,3446784
switch-base-128,6,TIME_OAP,8,cpu,16,1,10.686647415161133,0.0,0.0,6675456
switch-base-128,7,TIME_OAP,8,cpu,16,1,11.401870965957642,0.0,0.0,3876864
switch-base-128,0,TIME_OAP,8,cuda:2,1,1,1.8413476943969727,0.00969386100769043,0.0022313594818115234,3586048
switch-base-128,1,TIME_OAP,8,cuda:2,1,1,1.7820398807525635,0.008096933364868164,0.001367330551147461,2310144
switch-base-128,2,TIME_OAP,8,cuda:2,1,1,2.2151997089385986,0.008569478988647461,0.0015327930450439453,4173312
switch-base-128,3,TIME_OAP,8,cuda:2,1,1,2.2787468433380127,0.008001089096069336,0.0019049644470214844,2267136
switch-base-128,4,TIME_OAP,8,cuda:2,1,1,2.331141233444214,0.009330034255981445,0.0027294158935546875,5922560
switch-base-128,5,TIME_OAP,8,cuda:2,1,1,2.7414255142211914,0.009051322937011719,0.003609895706176758,3446784
switch-base-128,6,TIME_OAP,8,cuda:2,1,1,2.1876137256622314,0.010823726654052734,0.0017986297607421875,6675456
switch-base-128,7,TIME_OAP,8,cuda:2,1,1,1.09871506690979,0.00935983657836914,0.002336740493774414,3876864
switch-base-128,0,ME_OAP,10.0-3,cpu,16,1,23.524198055267334,0.0,0.0,8094208
switch-base-128,1,ME_OAP,10.0-3,cpu,16,1,25.88122296333313,0.0,0.0,13507328
switch-base-128,2,ME_OAP,10.0-3,cpu,16,1,26.848334789276123,0.0,0.0,10656768
switch-base-128,0,ME_OAP,10.0-3,cuda:2,1,1,6.532928705215454,0.025604963302612305,0.005827903747558594,8094208
switch-base-128,1,ME_OAP,10.0-3,cuda:2,1,1,4.824040651321411,0.025536060333251953,0.010172843933105469,13507328
switch-base-128,2,ME_OAP,10.0-3,cuda:2,1,1,2.59456205368042,0.021538496017456055,0.02977776527404785,10656768
stable-diffusion,0,LATENCY_OAP,10.0-3,cpu,16,1,3.2716329097747803,0.0,0.0,348445954
stable-diffusion,1,LATENCY_OAP,10.0-3,cpu,16,1,5.021603345870972,0.0,0.0,90513408
stable-diffusion,2,LATENCY_OAP,10.0-3,cpu,16,1,2.8498528003692627,0.0,0.0,503273472
stable-diffusion,0,LATENCY_OAP,10.0-3,cuda,1,1,0.5269179344177246,0.025793790817260742,1.1525721549987793,348445954
stable-diffusion,1,LATENCY_OAP,10.0-3,cuda,1,1,0.6136457920074463,0.016031503677368164,0.008734464645385742,90513408
stable-diffusion,2,LATENCY_OAP,10.0-3,cuda,1,1,0.1289827823638916,0.03914642333984375,0.385425329208374,503273472
stable-diffusion,0,PARAM_OAP,4,cpu,16,1,0.29818105697631836,0.0,0.0,324537602
stable-diffusion,1,PARAM_OAP,4,cpu,16,1,0.2811751365661621,0.0,0.0,35308544
stable-diffusion,2,PARAM_OAP,4,cpu,16,1,0.1433563232421875,0.0,0.0,32765952
stable-diffusion,3,PARAM_OAP,4,cpu,16,1,0.6143736839294434,0.0,0.0,549620736
stable-diffusion,0,PARAM_OAP,4,cuda,1,1,0.21165823936462402,0.024417638778686523,0.00047516822814941406,324537602
stable-diffusion,1,PARAM_OAP,4,cuda,1,1,0.09889459609985352,0.008656978607177734,0.0004303455352783203,35308544
stable-diffusion,2,PARAM_OAP,4,cuda,1,1,0.04443192481994629,0.004912376403808594,0.0003249645233154297,32765952
stable-diffusion,3,PARAM_OAP,4,cuda,1,1,0.16244983673095703,0.0433812141418457,0.37206435203552246,549620736
stable-diffusion,0,TIME_OAP,4,cpu,16,1,2.2497565746307373,0.0,0.0,306522370
stable-diffusion,1,TIME_OAP,4,cpu,16,1,5.054348707199097,0.0,0.0,80186368
stable-diffusion,2,TIME_OAP,4,cpu,16,1,3.2270822525024414,0.0,0.0,218362880
stable-diffusion,3,TIME_OAP,4,cpu,16,1,1.6162004470825195,0.0,0.0,337161216
stable-diffusion,0,TIME_OAP,4,cuda,1,1,0.5296132564544678,0.02212667465209961,0.0031235218048095703,306522370
stable-diffusion,1,TIME_OAP,4,cuda,1,1,0.5490469932556152,0.013993978500366211,0.005883455276489258,80186368
stable-diffusion,2,TIME_OAP,4,cuda,1,1,0.5694398880004883,0.01847052574157715,0.00047707557678222656,218362880
stable-diffusion,3,TIME_OAP,4,cuda,1,1,0.1559586524963379,0.026284217834472656,0.0003962516784667969,337161216
stable-diffusion,0,ME_OAP,10.0-1,cpu,16,1,11.74306035041809,0.0,0.0,942232834
stable-diffusion,0,ME_OAP,10.0-1,cuda,1,1,1.1247169971466064,0.08181881904602051,-0.0003802776336669922,942232834
llama2-7b,0,LATENCY_OAP,10.0-8,cpu,16,1,7.3904008865356445,1.4485585689544678,0.1884157657623291,16384
llama2-7b,1,LATENCY_OAP,10.0-8,cpu,16,1,7.749910831451416,1.2230603694915771,0.2504310607910156,27271168
llama2-7b,2,LATENCY_OAP,10.0-8,cpu,16,1,9.830671072006226,1.2430205345153809,0.2570836544036865,27271168
llama2-7b,3,LATENCY_OAP,10.0-8,cpu,16,1,9.755055904388428,1.1713669300079346,0.6506340503692627,27271168
llama2-7b,4,LATENCY_OAP,10.0-8,cpu,16,1,9.707853555679321,1.3556129932403564,0.49679088592529297,27271168
llama2-7b,5,LATENCY_OAP,10.0-8,cpu,16,1,9.64978313446045,1.2785956859588623,0.8444168567657471,27271168
llama2-7b,6,LATENCY_OAP,10.0-8,cpu,16,1,9.74054479598999,1.1676063537597656,0.928645133972168,27271168
llama2-7b,7,LATENCY_OAP,10.0-8,cpu,16,1,9.700274467468262,1.1800432205200195,0.9166696071624756,27271168
llama2-7b,0,LATENCY_OAP,10.0-8,cuda,1,1,5.406482458114624,0.03115081787109375,2.575272798538208,16384
llama2-7b,1,LATENCY_OAP,10.0-8,cuda,1,1,5.350121974945068,0.030223846435546875,0.2818300724029541,18882560
llama2-7b,2,LATENCY_OAP,10.0-8,cuda,1,1,5.590815782546997,0.030115365982055664,0.1739656925201416,18882560
llama2-7b,3,LATENCY_OAP,10.0-8,cuda,1,1,5.517597913742065,0.030185699462890625,0.144240140914917,18882560
llama2-7b,4,LATENCY_OAP,10.0-8,cuda,1,1,3.184980630874634,0.030209779739379883,0.003014802932739258,18882560
llama2-7b,5,LATENCY_OAP,10.0-8,cuda,1,1,4.567262649536133,0.030158281326293945,0.0003600120544433594,18882560
llama2-7b,6,LATENCY_OAP,10.0-8,cuda,1,1,4.736504077911377,0.030160188674926758,0.2938969135284424,18882560
llama2-7b,7,LATENCY_OAP,10.0-8,cuda,1,1,4.86938738822937,0.030335187911987305,0.13101768493652344,18882560
llama2-7b,0,PARAM_OAP,8,cpu,16,1,7.9355998039245605,0.9912216663360596,0.036731719970703125,16384
llama2-7b,1,PARAM_OAP,8,cpu,16,1,8.764483213424683,1.2129786014556885,0.012383460998535156,27271224
llama2-7b,2,PARAM_OAP,8,cpu,16,1,9.03501009941101,1.2673282623291016,-0.029766082763671875,35659832
llama2-7b,3,PARAM_OAP,8,cpu,16,1,8.821616411209106,1.2740838527679443,-0.011395692825317383,18882560
llama2-7b,4,PARAM_OAP,8,cpu,16,1,9.26686406135559,1.2842721939086914,0.09897017478942871,27271168
llama2-7b,5,PARAM_OAP,8,cpu,16,1,9.153690099716187,1.239630937576294,0.19855022430419922,41426944
llama2-7b,6,PARAM_OAP,8,cpu,16,1,9.328435182571411,1.2430455684661865,0.18960309028625488,33038336
llama2-7b,7,PARAM_OAP,8,cpu,16,1,8.671510934829712,1.2507927417755127,0.04396867752075195,27271168
llama2-7b,0,PARAM_OAP,8,cuda,1,1,2.827104091644287,0.023693084716796875,0.1357123851776123,16384
llama2-7b,1,PARAM_OAP,8,cuda,1,1,5.28706169128418,0.030690908432006836,0.4148373603820801,27271224
llama2-7b,2,PARAM_OAP,8,cuda,1,1,6.132976770401001,0.033601999282836914,0.42916178703308105,35659832
llama2-7b,3,PARAM_OAP,8,cuda,1,1,3.77087664604187,0.030874013900756836,0.3979167938232422,18882560
llama2-7b,4,PARAM_OAP,8,cuda,1,1,4.082920789718628,0.031225204467773438,-0.11656069755554199,18882560
llama2-7b,5,PARAM_OAP,8,cuda,1,1,3.7400102615356445,0.03133440017700195,0.4209630489349365,41426944
llama2-7b,6,PARAM_OAP,8,cuda,1,1,2.834303140640259,0.03146076202392578,0.2727549076080322,33038336
llama2-7b,7,PARAM_OAP,8,cuda,1,1,3.512049674987793,0.03035879135131836,0.2852973937988281,18882560
llama2-7b,0,TIME_OAP,8,cpu,16,1,8.088569402694702,0.9866561889648438,0.015921831130981445,16384
llama2-7b,1,TIME_OAP,8,cpu,16,1,8.502511262893677,1.1785624027252197,-0.010953664779663086,35659832
llama2-7b,2,TIME_OAP,8,cpu,16,1,8.664224624633789,1.2150397300720215,0.011554479598999023,35659832
llama2-7b,3,TIME_OAP,8,cpu,16,1,8.819434642791748,1.2713241577148438,0.11593794822692871,18882560
llama2-7b,4,TIME_OAP,8,cpu,16,1,9.007292985916138,1.3215656280517578,0.17597341537475586,27271168
llama2-7b,5,TIME_OAP,8,cpu,16,1,8.93515658378601,1.285902738571167,0.14255809783935547,41426944
llama2-7b,6,TIME_OAP,8,cpu,16,1,9.07004714012146,1.3335161209106445,0.20425629615783691,33038336
llama2-7b,7,TIME_OAP,8,cpu,16,1,8.661962985992432,1.3001384735107422,0.10690188407897949,27271168
llama2-7b,0,TIME_OAP,8,cuda,1,1,3.2201576232910156,0.024492740631103516,-0.29782652854919434,16384
llama2-7b,1,TIME_OAP,8,cuda,1,1,5.346706867218018,0.03039836883544922,0.2868187427520752,35659832
llama2-7b,2,TIME_OAP,8,cuda,1,1,5.062653303146362,0.03352832794189453,0.4743618965148926,35659832
llama2-7b,3,TIME_OAP,8,cuda,1,1,5.441540479660034,0.03096461296081543,0.5721390247344971,18882560
llama2-7b,4,TIME_OAP,8,cuda,1,1,3.6408965587615967,0.031291961669921875,0.11060285568237305,18882560
llama2-7b,5,TIME_OAP,8,cuda,1,1,3.262336492538452,0.03126120567321777,0.0010821819305419922,41426944
llama2-7b,6,TIME_OAP,8,cuda,1,1,3.4231042861938477,0.03150296211242676,0.4155161380767822,33038336
llama2-7b,7,TIME_OAP,8,cuda,1,1,5.362372875213623,0.0304412841796875,0.28078222274780273,18882560
llama2-7b,0,ME_OAP,10.0-4,cpu,16,1,7.390859842300415,2.64320707321167,0.01712942123413086,16384
llama2-7b,1,ME_OAP,10.0-4,cpu,16,1,1.2190635204315186,1.022535800933838,0.6675624847412109,27271168
llama2-7b,2,ME_OAP,10.0-4,cpu,16,1,2.4921321868896484,3.2386090755462646,1.017460584640503,27271168
llama2-7b,3,ME_OAP,10.0-4,cpu,16,1,3.117544651031494,3.6527609825134277,0.8364346027374268,18882560
llama2-7b,0,ME_OAP,10.0-4,cuda,1,1,10.851346969604492,0.05548858642578125,1.9635839462280273,16384
llama2-7b,1,ME_OAP,10.0-4,cuda,1,1,4.986016273498535,0.029989242553710938,0.0004055500030517578,18882560
llama2-7b,2,ME_OAP,10.0-4,cuda,1,1,14.073890447616577,0.07169699668884277,-0.24750256538391113,18882560
llama2-7b,3,ME_OAP,10.0-4,cuda,1,1,15.475212812423706,0.08683276176452637,0.42006373405456543,18882560
llama2-7b,0,ME_OAP,10.0-4,cpu,16,1,4.727484464645386,2.366053342819214,0.11368513107299805,16384
llama2-7b,1,ME_OAP,10.0-4,cpu,16,1,1.118269443511963,1.4119012355804443,0.17215228080749512,27271168
llama2-7b,2,ME_OAP,10.0-4,cpu,16,1,2.4141926765441895,3.2721714973449707,1.3007621765136719,27271168
llama2-7b,3,ME_OAP,10.0-4,cpu,16,1,2.885375499725342,3.695093870162964,1.3602478504180908,18882560
llama2-7b,0,ME_OAP,10.0-4,cuda,1,1,9.495933532714844,0.05356264114379883,1.9585378170013428,16384
llama2-7b,1,ME_OAP,10.0-4,cuda,1,1,5.225692510604858,0.030225515365600586,0.27681422233581543,18882560
llama2-7b,2,ME_OAP,10.0-4,cuda,1,1,11.546250104904175,0.0720071792602539,0.09898233413696289,18882560
llama2-7b,3,ME_OAP,10.0-4,cuda,1,1,12.281260967254639,0.08725833892822266,0.29123687744140625,18882560
llama2-70b,0,LATENCY_OAP,10.0-8,cpu,16,1,303.22775197029114,0.0,0.0,16384
llama2-70b,1,LATENCY_OAP,10.0-8,cpu,16,1,95.09384179115295,0.0,0.0,35659776
llama2-70b,2,LATENCY_OAP,10.0-8,cpu,16,1,96.83723092079163,0.0,0.0,35659776
llama2-70b,3,LATENCY_OAP,10.0-8,cpu,16,1,95.74868488311768,0.0,0.0,52437048
llama2-70b,4,LATENCY_OAP,10.0-8,cpu,16,1,91.15978336334229,0.0,0.0,52436992
llama2-70b,5,LATENCY_OAP,10.0-8,cpu,16,1,79.43137669563293,0.0,0.0,94380032
llama2-70b,6,LATENCY_OAP,10.0-8,cpu,16,1,9.756559610366821,0.0,0.0,52436992
llama2-70b,7,LATENCY_OAP,10.0-8,cpu,16,1,7.79650354385376,0.0,0.0,54534200
llama2-70b,0,LATENCY_OAP,10.0-8,cuda,1,1,38.0523796081543,0.5407717227935791,2.345219850540161,16384
llama2-70b,1,LATENCY_OAP,10.0-8,cuda,1,1,10.258125066757202,0.1698780059814453,0.0010759830474853516,35659776
llama2-70b,2,LATENCY_OAP,10.0-8,cuda,1,1,14.481733798980713,0.16242742538452148,-0.0005123615264892578,35659776
llama2-70b,3,LATENCY_OAP,10.0-8,cuda,1,1,13.133992671966553,0.16942405700683594,0.004024505615234375,52437048
llama2-70b,4,LATENCY_OAP,10.0-8,cuda,1,1,12.315262079238892,0.16352343559265137,-0.2154834270477295,52436992
llama2-70b,5,LATENCY_OAP,10.0-8,cuda,1,1,9.634284973144531,0.1652977466583252,0.2819845676422119,94380032
llama2-70b,6,LATENCY_OAP,10.0-8,cuda,1,1,10.39855146408081,0.16208338737487793,-0.0020313262939453125,52436992
llama2-70b,7,LATENCY_OAP,10.0-8,cuda,1,1,11.758586645126343,0.16868877410888672,-0.002301454544067383,54534200
llama2-70b,0,PARAM_OAP,8,cpu,16,1,269.2595558166504,0.0,0.0,16384
llama2-70b,1,PARAM_OAP,8,cpu,16,1,85.45285892486572,0.0,0.0,94380032
llama2-70b,2,PARAM_OAP,8,cpu,16,1,88.88656282424927,0.0,0.0,35659776
llama2-70b,3,PARAM_OAP,8,cpu,16,1,89.62898826599121,0.0,0.0,52436992
llama2-70b,4,PARAM_OAP,8,cpu,16,1,89.64357137680054,0.0,0.0,35659776
llama2-70b,5,PARAM_OAP,8,cpu,16,1,88.3915605545044,0.0,0.0,52436992
llama2-70b,6,PARAM_OAP,8,cpu,16,1,90.24054622650146,0.0,0.0,35659776
llama2-70b,7,PARAM_OAP,8,cpu,16,1,88.71890878677368,0.0,0.0,54534200
llama2-70b,0,PARAM_OAP,8,cuda,1,1,34.3855996131897,0.5222477912902832,0.29322314262390137,16384
llama2-70b,1,PARAM_OAP,8,cuda,1,1,11.065596580505371,0.16751718521118164,-0.001138448715209961,94380032
llama2-70b,2,PARAM_OAP,8,cuda,1,1,11.066610097885132,0.16867685317993164,-0.005788326263427734,35659776
llama2-70b,3,PARAM_OAP,8,cuda,1,1,15.652318477630615,0.1715857982635498,0.39899349212646484,52436992
llama2-70b,4,PARAM_OAP,8,cuda,1,1,12.849252700805664,0.17093586921691895,0.00011157989501953125,35659776
llama2-70b,5,PARAM_OAP,8,cuda,1,1,12.736479043960571,0.17052459716796875,0.0007250308990478516,52436992
llama2-70b,6,PARAM_OAP,8,cuda,1,1,12.437001466751099,0.16675305366516113,-0.003949165344238281,35659776
llama2-70b,7,PARAM_OAP,8,cuda,1,1,11.836818933486938,0.16978931427001953,0.001974821090698242,54534200
llama2-70b,0,TIME_OAP,8,cpu,16,1,284.83199167251587,0.0,0.0,16384
llama2-70b,1,TIME_OAP,8,cpu,16,1,90.60282111167908,0.0,0.0,35659776
llama2-70b,2,TIME_OAP,8,cpu,16,1,90.19441390037537,0.0,0.0,54534200
llama2-70b,3,TIME_OAP,8,cpu,16,1,88.22277665138245,0.0,0.0,35659832
llama2-70b,4,TIME_OAP,8,cpu,16,1,89.09067225456238,0.0,0.0,77602816
llama2-70b,5,TIME_OAP,8,cpu,16,1,89.49212431907654,0.0,0.0,94380032
llama2-70b,6,TIME_OAP,8,cpu,16,1,91.88879919052124,0.0,0.0,52436992
llama2-70b,7,TIME_OAP,8,cpu,16,1,91.23634910583496,0.0,0.0,54534200
llama2-70b,0,TIME_OAP,8,cuda,1,1,35.38668441772461,0.540320634841919,0.0016574859619140625,16384
llama2-70b,1,TIME_OAP,8,cuda,1,1,9.75551724433899,0.16561603546142578,-0.003558635711669922,35659776
llama2-70b,2,TIME_OAP,8,cuda,1,1,15.098557233810425,0.1692521572113037,0.4197089672088623,54534200
llama2-70b,3,TIME_OAP,8,cuda,1,1,12.378527879714966,0.16582942008972168,0.2747979164123535,35659832
llama2-70b,4,TIME_OAP,8,cuda,1,1,10.206885814666748,0.16652393341064453,-0.21234989166259766,77602816
llama2-70b,5,TIME_OAP,8,cuda,1,1,12.477475643157959,0.1640477180480957,0.27950429916381836,94380032
llama2-70b,6,TIME_OAP,8,cuda,1,1,13.210773706436157,0.16645431518554688,-0.004239082336425781,52436992
llama2-70b,7,TIME_OAP,8,cuda,1,1,12.64973783493042,0.17005252838134766,0.001827239990234375,54534200
llama2-70b,0,ME_OAP,10.0-14,cpu,16,1,246.45416283607483,0.0,0.0,16384
llama2-70b,1,ME_OAP,10.0-14,cpu,16,1,47.95626997947693,0.0,0.0,52436992
llama2-70b,2,ME_OAP,10.0-14,cpu,16,1,57.48115396499634,0.0,0.0,35659776
llama2-70b,3,ME_OAP,10.0-14,cpu,16,1,48.391741037368774,0.0,0.0,52436992
llama2-70b,4,ME_OAP,10.0-14,cpu,16,1,57.95627236366272,0.0,0.0,54534200
llama2-70b,5,ME_OAP,10.0-14,cpu,16,1,48.711984634399414,0.0,0.0,52436992
llama2-70b,6,ME_OAP,10.0-14,cpu,16,1,58.384734869003296,0.0,0.0,35659776
llama2-70b,7,ME_OAP,10.0-14,cpu,16,1,52.607834577560425,0.0,0.0,35659832
llama2-70b,8,ME_OAP,10.0-14,cpu,16,1,55.63178086280823,0.0,0.0,94380032
llama2-70b,9,ME_OAP,10.0-14,cpu,16,1,55.48027515411377,0.0,0.0,54534200
llama2-70b,10,ME_OAP,10.0-14,cpu,16,1,53.291462898254395,0.0,0.0,77602816
llama2-70b,11,ME_OAP,10.0-14,cpu,16,1,57.888880252838135,0.0,0.0,52436992
llama2-70b,12,ME_OAP,10.0-14,cpu,16,1,50.01001763343811,0.0,0.0,52436992
llama2-70b,13,ME_OAP,10.0-14,cpu,16,1,57.47907853126526,0.0,0.0,52436992
llama2-70b,0,ME_OAP,10.0-14,cuda,1,1,30.71020531654358,0.4504363536834717,-0.0015687942504882812,16384
llama2-70b,1,ME_OAP,10.0-14,cuda,1,1,6.180562973022461,0.09237909317016602,-0.0019342899322509766,52436992
llama2-70b,2,ME_OAP,10.0-14,cuda,1,1,8.919816493988037,0.10143637657165527,-0.0028533935546875,35659776
llama2-70b,3,ME_OAP,10.0-14,cuda,1,1,6.613478899002075,0.08833932876586914,0.2726283073425293,52436992
llama2-70b,4,ME_OAP,10.0-14,cuda,1,1,8.321785926818848,0.10495877265930176,-0.0011734962463378906,54534200
llama2-70b,5,ME_OAP,10.0-14,cuda,1,1,6.299923658370972,0.09126567840576172,-2.8371810913085938e-05,52436992
llama2-70b,6,ME_OAP,10.0-14,cuda,1,1,7.864537477493286,0.0995931625366211,-0.0018892288208007812,35659776
llama2-70b,7,ME_OAP,10.0-14,cuda,1,1,7.840953826904297,0.09768939018249512,-0.0009872913360595703,35659832
llama2-70b,8,ME_OAP,10.0-14,cuda,1,1,7.004066705703735,0.09652471542358398,0.2570614814758301,94380032
llama2-70b,9,ME_OAP,10.0-14,cuda,1,1,8.041376113891602,0.10047340393066406,0.4266524314880371,54534200
llama2-70b,10,ME_OAP,10.0-14,cuda,1,1,6.963799953460693,0.09890985488891602,0.12639069557189941,77602816
llama2-70b,11,ME_OAP,10.0-14,cuda,1,1,8.111761331558228,0.09832477569580078,-0.0023620128631591797,52436992
llama2-70b,12,ME_OAP,10.0-14,cuda,1,1,7.215290784835815,0.09391570091247559,-0.0004432201385498047,52436992
llama2-70b,13,ME_OAP,10.0-14,cuda,1,1,7.633769273757935,0.09999990463256836,-0.003160715103149414,52436992
